Date,Occupancy_Rate,ADR,Is_Weekend,Local_Event,Competitor_Rate,Capacity
01-07-2015,0.2742616033755274,95.07692307692308,0,0,92.69125518300524,237
02-07-2015,0.27848101265822783,94.52530303030304,0,0,103.04608430900107,237
03-07-2015,0.054852321,76.30307692307693,0,0,79.84344724062164,237
04-07-2015,0.092827004,71.17909090909092,1,0,72.58357515221373,237
05-07-2015,0.050632911,68.5225,1,0,63.80840745794336,237
06-07-2015,0.046413502109704644,63.67272727272727,0,0,59.29197385533594,237
07-07-2015,0.050632911,64.39333333333333,0,0,58.702039479910184,237
08-07-2015,0.11392405063291139,60.174814814814816,0,0,64.58173117,237
09-07-2015,0.11392405063291139,59.538518518518515,0,0,60.74256611835317,237
10-07-2015,0.025316456,75.32666666666667,0,0,78.46134940869003,237
11-07-2015,0.15611814345991562,85.22162162162162,1,0,77.05030825628931,237
12-07-2015,0.13924050632911392,86.97818181818182,1,0,95.15256273008201,237
13-07-2015,0.1350210970464135,87.1884375,0,0,92.98546838195251,237
14-07-2015,0.008438819,84.31,0,0,79.45946208,237
15-07-2015,0.10548523206751055,58.09479999999999,0,0,54.39793702098061,237
16-07-2015,0.10548523206751055,58.09479999999999,0,0,54.416289663806644,237
17-07-2015,0.23628691983122363,98.80357142857143,0,0,94.93525832248258,237
18-07-2015,0.4177215189873418,86.38131313131314,1,0,86.80901175,237
19-07-2015,0.18565400843881857,68.60795454545455,1,0,67.67413193193586,237
20-07-2015,0.10548523206751055,65.52640000000001,0,0,62.790399426454606,237
21-07-2015,0.075949367,54.25888888888889,0,0,55.47269164621733,237
22-07-2015,0.10970464135021098,61.075384615384614,0,0,56.67177439200782,237
23-07-2015,0.270042194,74.5759375,0,0,71.47573596002438,237
24-07-2015,0.025316456,0,0,0,0,237
25-07-2015,0.28270042194092826,56.155970149253726,1,0,55.662583618260854,237
26-07-2015,0.16455696202531644,60.02435897435897,1,0,63.44785982986141,237
27-07-2015,0.270042194,61.85546875,0,0,58.14010495349815,237
28-07-2015,0.2320675105485232,55.74509090909091,0,0,55.90379092177224,237
29-07-2015,0.10548523206751055,54.32,0,0,55.32399187611723,237
30-07-2015,0.075949367,55.861111111111114,0,0,50.793954333221755,237
31-07-2015,0.075949367,66.68277777777777,0,0,68.11705567,237
01-08-2015,0.1308016877637131,75.68193548387096,1,0,70.69486108095292,237
02-08-2015,0.14345991561181434,69.65235294117646,1,0,63.59331694985811,237
03-08-2015,0.21518987341772153,66.80823529411765,0,0,72.80608541270708,237
04-08-2015,0.16033755274261605,60.51763157894737,0,0,66.15342114473987,237
05-08-2015,0.42616033755274263,63.1090099,0,0,67.00154016013427,237
06-08-2015,0.4767932489451477,66.52247788,0,0,63.92296263261415,237
07-08-2015,0.459915612,69.49577981651376,0,0,63.90376178,237
08-08-2015,0.540084388,75.67960938,1,0,78.46814607108281,237
09-08-2015,0.4641350210970464,79.24727272727273,1,0,78.29872239713974,237
10-08-2015,0.6708860759493671,77.79974842767295,0,0,71.91868237880188,237
11-08-2015,0.7257383966244726,77.93343023255814,0,0,77.85825424,237
12-08-2015,0.5907172995780591,79.48935714285714,0,0,72.08712571587989,237
13-08-2015,0.5147679324894515,80.52073770491803,0,0,87.11249385152948,237
14-08-2015,0.620253165,92.94340136054421,0,0,88.45943956327471,237
15-08-2015,0.759493671,90.83572222222223,1,1,93.78828804,237
16-08-2015,0.4472573839662447,81.61415094339623,1,0,78.54074281199453,237
17-08-2015,0.6455696202531646,81.77150326797386,0,0,82.09970171983849,237
18-08-2015,0.6877637130801688,84.69386503067484,0,0,85.48507984952381,237
19-08-2015,0.4936708860759494,87.52025641025642,0,0,82.00393263846527,237
20-08-2015,0.4767932489451477,87.58469026548673,0,0,95.81037510072528,237
21-08-2015,0.4430379746835443,87.02695238095238,0,0,91.81574660436932,237
22-08-2015,0.48523206751054854,88.36939130434783,1,0,96.13704209333433,237
23-08-2015,0.4472573839662447,85.32613207547169,1,0,92.06395020539131,237
24-08-2015,0.5316455696202531,79.60388888888889,0,0,81.16253269598934,237
25-08-2015,0.5527426160337553,73.38824427480917,0,0,79.58036615743413,237
26-08-2015,0.5569620253164557,73.06378787878788,0,0,67.05052857066602,237
27-08-2015,0.4767932489451477,73.44123894,0,0,68.97575989,237
28-08-2015,0.3459915611814346,74.54524390243903,0,0,67.76501536877156,237
29-08-2015,0.34177215189873417,90.68530864197531,1,0,87.51731406895028,237
30-08-2015,0.26582278481012656,87.37222222222222,1,0,85.42691970549609,237
31-08-2015,0.4177215189873418,85.04828282828284,0,0,81.15900838535195,237
01-09-2015,0.4092827004219409,84.16865979381443,0,0,89.70253890766936,237
02-09-2015,0.5358649789029536,82.65055118110237,0,0,80.28266788037556,237
03-09-2015,0.5485232067510548,94.49307692307693,0,0,90.35304247761655,237
04-09-2015,0.8734177215189873,93.49748792270532,0,0,94.29588322659237,237
05-09-2015,0.8396624472573839,91.53517587939699,1,0,84.96156303520381,237
06-09-2015,0.9156118143459916,81.29824884792627,1,0,86.21186591641306,237
07-09-2015,0.8945147679324894,87.21160377358491,0,0,79.79077964,237
08-09-2015,0.6962025316455697,94.04490909090909,0,0,103.20275662893847,237
09-09-2015,0.8396624472573839,95.91492462311558,0,0,101.13739192834086,237
10-09-2015,0.7890295358649789,96.02251336898395,0,0,90.23649786943392,237
11-09-2015,0.7890295358649789,90.52171122994653,0,0,81.56951440528002,237
12-09-2015,0.8185654008438819,85.56835052,1,0,90.96705333229036,237
13-09-2015,0.5443037974683544,92.39472868217054,1,0,96.21723431431354,237
14-09-2015,0.7215189873417721,94.19134502923976,0,0,98.50544366506331,237
15-09-2015,0.8227848101265823,96.70430769,0,0,101.95090990705103,237
16-09-2015,0.8860759493670886,95.38523809523811,0,0,87.25926763278135,237
17-09-2015,0.9113924050632911,88.65425925925926,0,0,86.14473606011798,237
18-09-2015,0.9282700421940928,97.43154545454544,0,0,89.94625121707053,237
19-09-2015,0.919831224,102.03330275229357,1,0,109.44303110884546,237
20-09-2015,0.7341772151898734,101.3816091954023,1,0,103.88164169711364,237
21-09-2015,0.890295359,97.32274881516587,0,0,94.03125500488306,237
22-09-2015,0.9240506329113924,98.05073059360731,0,0,89.49204607042039,237
23-09-2015,0.8818565400843882,119.6387081339713,0,0,115.11594196508715,237
24-09-2015,0.8312236286919831,123.54441624365482,0,0,119.22489135768272,237
25-09-2015,0.9113924050632911,156.94865740740738,0,0,164.15593369192837,237
26-09-2015,0.7932489451476793,164.23117021276596,1,0,168.7494151112011,237
27-09-2015,0.8185654008438819,163.26974226804126,1,0,175.91376720470893,237
28-09-2015,0.8312236286919831,160.128731,0,0,159.23889320975306,237
29-09-2015,0.6919831223628692,138.1759756097561,0,0,127.66338837074808,237
30-09-2015,0.4767932489451477,105.57902654867257,0,0,110.0818619589891,237
01-10-2015,0.3881856540084388,109.48489130434783,0,0,115.19529584467186,237
02-10-2015,0.890295359,103.44004739336492,0,0,104.70775063750919,237
03-10-2015,0.8438818565400844,100.7933,1,0,106.25563525186281,237
04-10-2015,0.679324895,92.04869565217392,1,0,91.93447419978243,237
05-10-2015,0.7341772151898734,101.35862068965518,0,0,101.81945433576162,237
06-10-2015,0.759493671,101.81644444444444,0,0,100.3409412686849,237
07-10-2015,0.9367088607594937,97.64405405405405,0,0,88.37605397,237
08-10-2015,0.9409282700421941,93.80932735426009,0,0,86.45263905754072,237
09-10-2015,0.8649789029535865,101.27634146341464,0,0,91.78531390537853,237
10-10-2015,0.9367088607594937,85.94333333333334,1,0,88.28804642240938,237
11-10-2015,0.729957806,83.29421965317918,1,0,80.20160492,237
12-10-2015,0.7383966244725738,84.7496,0,0,84.89487252958642,237
13-10-2015,0.6582278481012658,91.02974358974359,0,0,98.44987791319723,237
14-10-2015,0.5611814345991561,94.17240602,0,0,89.45045521749417,237
15-10-2015,0.8016877637130801,95.30457894736841,0,0,93.59639539005177,237
16-10-2015,0.9113924050632911,97.12893518518518,0,0,102.0932171795948,237
17-10-2015,0.9156118143459916,91.06410138248847,1,0,86.12475111193093,237
18-10-2015,0.6540084388185654,92.04567741935483,1,0,84.25824326699377,237
19-10-2015,0.8270042194092827,90.42260204081633,0,0,86.62035790024869,237
20-10-2015,0.9071729957805907,97.57790697674419,0,0,90.96644343313822,237
21-10-2015,0.9071729957805907,91.15079069767441,0,0,98.98424685,237
22-10-2015,0.6118143459915611,99.83075862068965,0,0,105.98273686837177,237
23-10-2015,0.5358649789029536,94.83393700787401,0,0,97.36417769617867,237
24-10-2015,0.45147679324894513,102.5585046728972,1,0,110.17779320781004,237
25-10-2015,0.8227848101265823,93.70907692307692,1,0,99.40044292578287,237
26-10-2015,0.8396624472573839,91.76969849246233,0,0,86.01702425355458,237
27-10-2015,0.7848101265822784,90.46650537634409,0,0,97.56919352582926,237
28-10-2015,0.729957806,92.70791908,0,0,93.43738655109469,237
29-10-2015,0.8481012658227848,92.79477611940298,0,0,98.50054419311573,237
30-10-2015,0.7468354430379747,88.51124293785311,0,0,95.52294959247278,237
31-10-2015,0.4177215189873418,83.3079798,1,0,80.27562723,237
01-11-2015,0.39662447257383965,77.58106382978723,1,0,71.53054652308302,237
02-11-2015,0.2869198312236287,79.08588235294118,0,0,74.78258480742518,237
03-11-2015,0.3037974683544304,77.97361111111111,0,0,76.83687732257407,237
04-11-2015,0.33755274261603374,82.25,0,0,87.48134289942503,237
05-11-2015,0.3755274261603376,78.57516853932584,0,0,84.24406181465714,237
06-11-2015,0.47257383966244726,77.90205357142858,0,0,70.22016526,237
07-11-2015,0.41350210970464135,72.18275510204082,1,0,72.33790908403361,237
08-11-2015,0.379746835,68.75688888888888,1,0,67.62117639290005,237
09-11-2015,0.23628691983122363,74.17053571428572,0,0,70.04825320064538,237
10-11-2015,0.2489451476793249,69.15440677966102,0,0,63.896809775972315,237
11-11-2015,0.29535864978902954,75.35914285714286,0,0,72.91170655793752,237
12-11-2015,0.2742616033755274,73.31153846153846,0,0,79.80561682021272,237
13-11-2015,0.24472573839662448,72.76327586206898,0,0,70.19040909627323,237
14-11-2015,0.24472573839662448,74.78965517,1,0,75.07072399654614,237
15-11-2015,0.1940928270042194,71.70239130434783,1,0,74.61378027,237
16-11-2015,0.17721518987341772,66.89023809523809,0,0,65.06586842203983,237
17-11-2015,0.2489451476793249,68.03881355932204,0,0,74.45871219269806,237
18-11-2015,0.5316455696202531,69.65730158730159,0,0,76.09986772570448,237
19-11-2015,0.5358649789029536,70.08716535433071,0,0,66.60779029905869,237
20-11-2015,0.8059071729957806,70.57141361256544,0,0,70.53257824682123,237
21-11-2015,0.5274261603375527,71.79552000000001,1,0,68.93631094200323,237
22-11-2015,0.18565400843881857,74.66272727272727,1,0,71.44984817504128,237
23-11-2015,0.620253165,71.54952380952382,0,0,64.92242013,237
24-11-2015,0.700421941,71.72825301204819,0,0,73.30002467,237
25-11-2015,0.700421941,73.00331325301204,0,0,73.04242876740977,237
26-11-2015,0.4641350210970464,73.82618181818182,0,0,67.20365956627458,237
27-11-2015,0.4345991561181435,67.77912621359224,0,0,64.77849636592592,237
28-11-2015,0.41350210970464135,66.63795918367347,1,0,72.07916027269991,237
29-11-2015,0.32489451476793246,66.48415584415584,1,0,63.02115427442498,237
30-11-2015,0.12236286919831224,68.43724137931035,0,0,63.57675830856558,237
01-12-2015,0.14345991561181434,70.10794117647059,0,0,69.96005212406365,237
02-12-2015,0.18565400843881857,68.78772727272727,0,0,75.46908547,237
03-12-2015,0.19831223628691982,73.32212765957446,0,0,69.53951639730485,237
04-12-2015,0.33755274261603374,82.933,0,0,85.78814347060235,237
05-12-2015,0.8734177215189873,79.09787439613527,1,0,83.23658549,237
06-12-2015,0.8945147679324894,80.91745283018868,1,0,76.6715125,237
07-12-2015,0.7552742616033755,76.88854748603352,0,0,80.39799219749996,237
08-12-2015,0.2320675105485232,79.56709090909091,0,1,77.46306860936244,237
09-12-2015,0.2320675105485232,68.89272727272727,0,0,70.71570917,237
10-12-2015,0.38396624472573837,50.09725274725275,0,0,51.43514708110397,237
11-12-2015,0.3924050632911392,47.39290322580645,0,0,47.73199645386422,237
12-12-2015,0.2320675105485232,68.72618181818181,1,0,63.09461786697985,237
13-12-2015,0.12658227848101267,72.7,1,0,77.57529828586752,237
14-12-2015,0.11392405063291139,73.08,0,0,70.46052143,237
15-12-2015,0.088607595,70.82714285714285,0,0,66.38654320774695,237
16-12-2015,0.12236286919831224,66.81379310344828,0,0,60.67728216742422,237
17-12-2015,0.14345991561181434,68.47176470588235,0,0,69.71648474976443,237
18-12-2015,0.21518987341772153,72.07470588235294,0,0,74.63428571334698,237
19-12-2015,0.17721518987341772,74.96595238095239,1,0,67.71806162155896,237
20-12-2015,0.1518987341772152,77.47916666666667,1,0,77.66655868256262,237
21-12-2015,0.16455696202531644,72.88897435897437,0,0,68.90188587324063,237
22-12-2015,0.14767932489451477,67.10285714285715,0,0,69.05115895,237
23-12-2015,0.1518987341772152,67.20138888888889,0,0,62.824783240946246,237
24-12-2015,0.21518987341772153,69.53450980392157,0,0,72.18986220832647,237
25-12-2015,0.2489451476793249,69.48983050847457,0,1,67.91568219083922,237
26-12-2015,0.4177215189873418,76.29969696969697,1,0,82.96417012933537,237
27-12-2015,0.5485232067510548,81.54853846153846,1,0,75.63661101597594,237
28-12-2015,0.6540084388185654,86.55651612903226,0,0,83.80516753927941,237
29-12-2015,0.8312236286919831,88.69304568527919,0,0,81.83660355744348,237
30-12-2015,0.8227848101265823,95.12102564102564,0,0,103.20048415179667,237
31-12-2015,0.8987341772151899,98.83685446,0,0,106.29586141053029,237
01-01-2016,0.6919831223628692,103.59896341463414,0,1,98.58356412372545,237
02-01-2016,0.7130801687763713,93.71609467455622,1,0,96.71471067546776,237
03-01-2016,0.5021097046413502,89.50672268907563,1,0,95.18542658992136,237
04-01-2016,0.5274261603375527,86.48928,0,0,87.44413569013064,237
05-01-2016,0.25738396624472576,74.11836066,0,0,74.55789110778605,237
06-01-2016,0.270042194,74.4165625,0,0,70.57446947431232,237
07-01-2016,0.23628691983122363,69.03946428571429,0,0,63.421070899710166,237
08-01-2016,0.19831223628691982,71.70425531914893,0,0,77.40066734416386,237
09-01-2016,0.20675105485232068,73.75163265306122,1,0,79.65792974497371,237
10-01-2016,0.19831223628691982,73.89574468085107,1,0,75.86287094151399,237
11-01-2016,0.1518987341772152,74.0225,0,0,71.63941654158049,237
12-01-2016,0.189873418,72.41266666666667,0,0,70.22883930464702,237
13-01-2016,0.16877637130801687,73.00750000000001,0,0,76.30679184502381,237
14-01-2016,0.28270042194092826,62.51179104477612,0,0,67.47660576315457,237
15-01-2016,0.3333333333333333,69.67772151898734,0,0,75.07198153373243,237
16-01-2016,0.379746835,70.57966666666667,1,0,74.53037121362317,237
17-01-2016,0.22362869198312235,76.38660377,1,0,78.55646678920442,237
18-01-2016,0.22362869198312235,74.94660377358491,0,0,68.71314431982786,237
19-01-2016,0.5147679324894515,74.58737704918033,0,0,69.53973171229212,237
20-01-2016,0.5316455696202531,73.53452380952382,0,0,79.39602230264981,237
21-01-2016,0.4177215189873418,76.50555555555556,0,0,78.13403842285803,237
22-01-2016,0.3080168776371308,76.74534246575342,0,0,69.21197439437677,237
23-01-2016,0.32489451476793246,78.54844155844155,1,0,72.28768371352889,237
24-01-2016,0.22784810126582278,78.22037037037036,1,0,80.77820415753895,237
25-01-2016,0.3459915611814346,71.21695122,0,0,64.16735021153491,237
26-01-2016,0.3333333333333333,74.37936709,0,0,69.3335906,237
27-01-2016,0.35443037974683544,68.9672619,0,0,69.63946910773326,237
28-01-2016,0.34177215189873417,83.10777777777777,0,0,86.29737446707118,237
29-01-2016,0.32489451476793246,82.62961038961038,0,0,85.14091032301326,237
30-01-2016,0.34177215189873417,79.63679012345679,1,0,75.24512869683974,237
31-01-2016,0.25316455696202533,79.67683333333333,1,0,83.05798702455415,237
01-02-2016,0.23628691983122363,77.23446428571428,0,0,73.17577909216084,237
02-02-2016,0.20675105485232068,73.41959184,0,0,70.85577525759125,237
03-02-2016,0.29535864978902954,74.93471428571429,0,0,78.62886688899498,237
04-02-2016,0.33755274261603374,77.811625,0,0,80.14026080566497,237
05-02-2016,0.459915612,81.16027523,0,0,86.82888885,237
06-02-2016,0.7172995780590717,78.62141176470588,1,0,81.09976139,237
07-02-2016,0.6835443037974683,76.00623456790123,1,0,77.04461051352556,237
08-02-2016,0.729957806,78.33838150289017,0,0,71.97220929246352,237
09-02-2016,0.6540084388185654,74.38722580645161,0,0,72.41917492,237
10-02-2016,0.4219409282700422,77.63850000000001,0,0,73.99263280465154,237
11-02-2016,0.45147679324894513,80.15915887850468,0,0,76.05484390832095,237
12-02-2016,0.6244725738396625,82.16993243243243,0,0,89.94338149719961,237
13-02-2016,0.8227848101265823,83.66425641025641,1,0,81.87547653539242,237
14-02-2016,0.5907172995780591,84.8715,1,0,91.52621584154288,237
15-02-2016,0.5189873417721519,82.85162601626017,0,0,85.02463569574248,237
16-02-2016,0.5232067510548524,81.68443548387097,0,0,86.50073446468372,237
17-02-2016,0.45147679324894513,80.40682242990655,0,0,80.44923048531462,237
18-02-2016,0.48523206751054854,85.05034782608696,0,0,86.35848825341678,237
19-02-2016,0.8607594936708861,84.27985294117647,0,0,84.15373140825507,237
20-02-2016,0.6371308016877637,84.33324503311258,1,0,79.19301547599521,237
21-02-2016,0.4810126582278481,80.73877192982455,1,0,84.33087405,237
22-02-2016,0.5147679324894515,83.47500000000001,0,0,79.81499459095009,237
23-02-2016,0.540084388,84.90773438,0,0,76.82988366126666,237
24-02-2016,0.569620253,87.86851851851851,0,0,90.42500554,237
25-02-2016,0.5443037974683544,89.26868217054263,0,0,83.50390134328772,237
26-02-2016,0.5864978902953587,84.40719424460431,0,0,91.8427689,237
27-02-2016,0.7088607594936709,85.6364881,1,0,93.41105793135219,237
28-02-2016,0.5738396624472574,85.53808823529413,1,0,92.63542959856576,237
29-02-2016,0.5485232067510548,83.86869230769231,0,0,81.69076830427092,237
01-03-2016,0.7130801687763713,79.54615384615384,0,0,71.83744134080771,237
02-03-2016,0.7552742616033755,78.51122905027933,0,0,85.23679241,237
03-03-2016,0.6666666666666666,81.51987341772151,0,0,80.34898959000984,237
04-03-2016,0.7172995780590717,85.44941176470589,0,0,93.42448772159527,237
05-03-2016,0.8185654008438819,83.39201030927835,1,0,91.12445069108124,237
06-03-2016,0.6497890295358649,78.94772727272728,1,0,84.52158612,237
07-03-2016,0.6962025316455697,81.07945454545455,0,0,77.74626020301218,237
08-03-2016,0.7172995780590717,80.64829411764705,0,0,78.79495968194753,237
09-03-2016,0.7679324894514767,78.93126373626373,0,0,84.47439598,237
10-03-2016,0.7805907172995781,81.11691891891891,0,0,78.14677434620361,237
11-03-2016,0.8312236286919831,80.50395939086295,0,0,75.18253089102926,237
12-03-2016,0.8185654008438819,79.49144329896907,1,0,80.39448616577263,237
13-03-2016,0.8143459915611815,77.68720207253885,1,0,84.46393089,237
14-03-2016,0.7341772151898734,78.68011494252873,0,0,81.76484432943822,237
15-03-2016,0.7637130801687764,78.85149171270719,0,0,79.95637726724401,237
16-03-2016,0.7341772151898734,77.55390804597701,0,0,71.30580061380505,237
17-03-2016,0.7552742616033755,81.06150837988827,0,0,82.92604023405276,237
18-03-2016,0.7637130801687764,85.85171270718232,0,0,94.26610517722229,237
19-03-2016,0.7805907172995781,90.83572972972974,1,0,84.29708350625282,237
20-03-2016,0.794514768,90.31004716981131,1,0,90.64111752372638,237
21-03-2016,0.802953586,91.44766355140186,0,0,98.34964069440719,237
22-03-2016,0.705907173,93.18397905759161,0,0,97.67113462449824,237
23-03-2016,0.72278481,95.39384615384616,0,0,99.15266401112387,237
24-03-2016,0.84092827,103.40237668161434,0,0,107.5898437865077,237
25-03-2016,0.824050633,102.57666666666667,0,1,99.69408079765702,237
26-03-2016,0.748101266,103.52796019900497,1,0,99.25415713265787,237
27-03-2016,0.634177215,97.50683908045976,1,1,103.53980476145746,237
28-03-2016,0.60464135,97.16730538922155,0,0,103.19388197443759,237
29-03-2016,0.659493671,93.76566666666666,0,0,100.64942279997516,237
30-03-2016,0.676371308,92.17434782608697,0,0,99.79238351,237
31-03-2016,0.760759494,90.93583333333333,0,0,91.14211943181704,237
01-04-2016,0.769198312,90.17461165048545,0,0,90.20195790739862,237
02-04-2016,0.697468354,88.95206349206349,1,0,94.25885783,237
03-04-2016,0.541350211,92.31828947,1,0,95.08717218811486,237
04-04-2016,0.634177215,91.59764367816092,0,0,95.29758168972931,237
05-04-2016,0.655274262,90.33921787709497,0,0,95.68355355922206,237
06-04-2016,0.811392405,95.29967592592592,0,0,102.73315246284473,237
07-04-2016,0.579324895,96.86906832298136,0,0,93.73041667906088,237
08-04-2016,0.617299578,97.47770588235294,0,0,95.05212821249008,237
09-04-2016,0.727004219,91.76081633,1,0,84.30950659782735,237
10-04-2016,0.684810127,91.84225806451613,1,0,93.28014305,237
11-04-2016,0.710126582,101.49088541666667,0,0,92.07135951330392,237
12-04-2016,0.735443038,99.85393939,0,0,99.16690471145286,237
13-04-2016,0.836708861,102.80788288288288,0,0,103.68472380500286,237
14-04-2016,0.642616034,102.5053409090909,0,0,98.12920856496733,237
15-04-2016,0.659493671,103.8662222222222,0,0,105.75312374770819,237
16-04-2016,0.735443038,102.75409090909092,1,0,93.10548690917925,237
17-04-2016,0.684810127,101.17580645161291,1,0,91.81397243,237
18-04-2016,0.752320675,95.82965346534654,0,0,102.01259345249485,237
19-04-2016,0.672151899,94.34109289617486,0,0,91.70313935889993,237
20-04-2016,0.824050633,93.66237442922375,0,0,86.67629484853536,237
21-04-2016,0.824050633,100.61182648401827,0,0,101.05941348823285,237
22-04-2016,0.727004219,101.33857142857143,0,0,106.8107236217589,237
23-04-2016,0.832489451,101.51239819004526,1,0,95.74286038724958,237
24-04-2016,0.684810127,101.75381720430107,1,0,104.25473220682831,237
25-04-2016,0.680590717,99.75486486486487,0,1,91.48214334578081,237
26-04-2016,0.777637131,99.06442307692308,0,0,90.18194474746888,237
27-04-2016,0.72278481,102.35805128205128,0,0,102.99993107924774,237
28-04-2016,0.78185654,102.9255023923445,0,0,103.76198045364335,237
29-04-2016,0.790295359,105.56255924170617,0,0,108.46404966540344,237
30-04-2016,0.802953586,110.00051401869159,1,0,114.97454660362446,237
01-05-2016,0.625738397,112.13593023255815,1,1,122.80795334928386,237
02-05-2016,0.78185654,106.59535885167465,0,0,106.9428671469893,237
03-05-2016,0.752320675,105.07361386138614,0,0,101.35309322162026,237
04-05-2016,0.752320675,102.52499999999999,0,0,108.57779292373226,237
05-05-2016,0.84092827,103.06493273542601,0,0,98.34110101366535,237
06-05-2016,0.845147679,105.47848214285715,0,1,104.19104176059625,237
07-05-2016,0.836708861,110.59328828828828,1,0,101.26930929942768,237
08-05-2016,0.494936709,109.01872340425531,1,0,98.6695922,237
09-05-2016,0.651054852,104.80230337078652,0,0,114.49962727260439,237
10-05-2016,0.727004219,106.70367346938775,0,0,113.87373608365574,237
11-05-2016,0.78185654,110.41507177033493,0,0,114.74277297652897,237
12-05-2016,0.790295359,115.86085308056872,0,0,113.75109517444139,237
13-05-2016,0.802953586,115.48341121495328,0,0,107.9375939386494,237
14-05-2016,0.819831224,112.26513761467889,1,0,104.55110907791158,237
15-05-2016,0.84092827,108.30165919282511,1,0,102.89183748803198,237
16-05-2016,0.794514768,110.07160377358491,0,0,111.15529536011037,237
17-05-2016,0.845147679,113.13642857142858,0,1,117.99215182748367,237
18-05-2016,0.824050633,113.39908675799087,0,0,117.03233400215419,237
19-05-2016,0.828270042,111.51781818181817,0,0,106.60955984814545,237
20-05-2016,0.790295359,102.0093365,0,0,111.28943758771202,237
21-05-2016,0.836708861,108.41297297297298,1,0,113.57119537299138,237
22-05-2016,0.764978903,112.61717073170732,1,0,113.84141065403463,237
23-05-2016,0.693248945,114.5193085106383,0,0,117.07814503164842,237
24-05-2016,0.680590717,112.74270270270272,0,0,110.92980145089881,237
25-05-2016,0.583544304,113.72518518518518,0,0,107.98731719809233,237
26-05-2016,0.78185654,117.6800956937799,0,1,114.29026590201225,237
27-05-2016,0.836708861,115.7354054054054,0,0,121.70379023076555,237
28-05-2016,0.84092827,119.74017937219732,1,0,108.11085721704131,237
29-05-2016,0.516033755,110.85780821917808,1,0,102.34553910142215,237
30-05-2016,0.646835443,106.80451977401131,0,0,97.10672581,237
31-05-2016,0.705907173,108.31068062827225,0,0,98.36188542551344,237
01-06-2016,0.701687764,109.86163157894737,0,0,117.67192752323831,237
02-06-2016,0.819831224,111.55550458715595,0,0,116.09933564041168,237
03-06-2016,0.824050633,115.95894977168949,0,0,115.35999464055791,237
04-06-2016,0.769198312,111.11567961165049,1,0,102.17829350047973,237
05-06-2016,0.554008439,101.18929032258065,1,0,101.01961359319994,237
06-06-2016,0.828270042,103.43809090909092,0,0,102.88928503195952,237
07-06-2016,0.807172996,108.60716279069767,0,0,101.50863924782196,237
08-06-2016,0.651054852,110.10033707865169,0,0,108.64374593543249,237
09-06-2016,0.596202532,110.03957575757575,0,0,107.80587656391265,237
10-06-2016,0.78185654,109.70124401913876,0,1,112.24302399435224,237
11-06-2016,0.815611814,110.79820276497695,1,0,113.7918295091958,237
12-06-2016,0.629957806,107.84670520231214,1,0,98.03921232,237
13-06-2016,0.478059072,110.18649635036496,0,0,107.42329701419654,237
14-06-2016,0.54556962,107.08326797385621,0,0,109.77876619017513,237
15-06-2016,0.697468354,110.44402116402115,0,0,110.51329736582016,237
16-06-2016,0.815611814,113.65907834101382,0,0,121.76273969849366,237
17-06-2016,0.735443038,108.27606060606061,0,0,111.71260486105437,237
18-06-2016,0.802953586,107.63822429906543,1,0,100.38199635080503,237
19-06-2016,0.777637131,109.08173076923077,1,0,99.71310991,237
20-06-2016,0.756540084,111.72620689655173,0,0,114.90860004513901,237
21-06-2016,0.769198312,108.0192718446602,0,0,97.79009115,237
22-06-2016,0.710126582,105.19265625000001,0,0,106.9972484971087,237
23-06-2016,0.516033755,101.08383561643835,0,0,109.98386788795544,237
24-06-2016,0.836708861,95.43265765765766,0,0,96.87319793350206,237
25-06-2016,0.845147679,95.65169642857143,1,1,93.51234917455572,237
26-06-2016,0.579324895,100.7379503,1,0,103.62486259646586,237
27-06-2016,0.676371308,108.02739130434783,0,0,107.12542503740815,237
28-06-2016,0.760759494,111.79779411764706,0,0,112.81776540169726,237
29-06-2016,0.748101266,110.73074626865672,0,0,120.50749181409162,237
30-06-2016,0.78185654,112.88172248803828,0,0,110.31033640165977,237
01-07-2016,0.786075949,114.22271428571429,0,0,124.75840188629958,237
02-07-2016,0.689029536,112.73893048128342,1,0,121.87869005008908,237
03-07-2016,0.718565401,113.85407216494845,1,0,106.92698854636515,237
04-07-2016,0.777637131,113.72778846153847,0,0,103.93267108605421,237
05-07-2016,0.807172996,113.9439534883721,0,0,104.84616691985502,237
06-07-2016,0.84092827,114.7119730941704,0,0,103.65882809952681,237
07-07-2016,0.815611814,112.58115207373272,0,0,103.4495363317908,237
08-07-2016,0.824050633,114.29904109589042,0,0,118.48254083899893,237
09-07-2016,0.798734177,114.18140845070423,1,0,104.3889516,237
10-07-2016,0.815611814,111.32290322580646,1,0,107.29247154774241,237
11-07-2016,0.832489451,113.70615384615385,0,0,121.54904287952044,237
12-07-2016,0.811392405,115.2152314814815,0,0,104.22996462589842,237
13-07-2016,0.845147679,114.81450892857143,0,1,122.03561780896378,237
14-07-2016,0.836708861,113.80351351351352,0,0,108.83837489611676,237
15-07-2016,0.836708861,113.54693693693693,0,0,104.87569408926728,237
16-07-2016,0.836708861,113.51608108108108,1,0,117.9826474841089,237
17-07-2016,0.764978903,114.57887804878048,1,0,117.53370339207149,237
18-07-2016,0.807172996,111.68474418604652,0,0,120.1163172396787,237
19-07-2016,0.798734177,112.73126760563379,0,0,118.0312389547121,237
20-07-2016,0.752320675,114.73336633663367,0,0,121.69724408903913,237
21-07-2016,0.836708861,114.45045045045045,0,0,109.46120218008267,237
22-07-2016,0.815611814,105.76612903225806,0,0,98.94293486559849,237
23-07-2016,0.802953586,107.85948598130841,1,0,113.26572163957167,237
24-07-2016,0.743881857,112.23315000000001,1,0,119.12055586347876,237
25-07-2016,0.802953586,110.77205607476635,0,0,121.63890869369833,237
26-07-2016,0.832489451,111.56117647058824,0,0,109.61148151728938,237
27-07-2016,0.815611814,114.87594470046083,0,0,111.93553604063537,237
28-07-2016,0.794514768,110.84033018867925,0,0,116.96787095609393,237
29-07-2016,0.739662447,112.22989949748744,0,0,108.65657896193552,237
30-07-2016,0.811392405,110.74203703703704,1,0,120.28262577823006,237
31-07-2016,0.790295359,109.40957345971563,1,0,117.25233072004902,237
01-08-2016,0.710126582,116.0809375,0,0,114.43244952591857,237
02-08-2016,0.819831224,117.57105504587156,0,0,123.47009027001772,237
03-08-2016,0.824050633,115.61570776255708,0,0,121.50153867120028,237
04-08-2016,0.845147679,118.03866071428571,0,1,108.66931531587097,237
05-08-2016,0.832489451,117.22194570135747,0,0,126.65955269510064,237
06-08-2016,0.845147679,121.44674107142858,1,1,121.5743177747657,237
07-08-2016,0.819831224,116.84990825688072,1,0,124.47921324977341,237
08-08-2016,0.828270042,119.6465909090909,0,0,115.3405005552073,237
09-08-2016,0.84092827,117.8809865470852,0,0,127.20592022256926,237
10-08-2016,0.84092827,120.98322869955157,0,0,118.30228097130536,237
11-08-2016,0.845147679,117.4075,0,1,105.92123431323462,237
12-08-2016,0.849367089,114.82795555555556,0,1,124.13779226981448,237
13-08-2016,0.853586498,125.31725663716814,1,1,115.07349015392376,237
14-08-2016,0.849367089,128.5092,1,1,123.86522802316682,237
15-08-2016,0.794514768,127.16301886792454,0,1,138.6092665494879,237
16-08-2016,0.845147679,128.77937500000002,0,1,140.38515635063035,237
17-08-2016,0.849367089,126.4167111111111,0,1,128.27346636860943,237
18-08-2016,0.84092827,120.16596412556055,0,0,123.33443326716257,237
19-08-2016,0.853586498,123.25203539823008,0,1,121.98119652821701,237
20-08-2016,0.802953586,125.49911214953272,1,0,120.30873923873675,237
21-08-2016,0.828270042,118.54777272727274,1,0,114.48548542015052,237
22-08-2016,0.849367089,115.82813333333334,0,1,119.82463147992375,237
23-08-2016,0.84092827,118.27946188340808,0,0,124.2496065904015,237
24-08-2016,0.78185654,117.89272727272726,0,0,124.76773700881009,237
25-08-2016,0.84092827,113.4980269058296,0,0,120.07224445849215,237
26-08-2016,0.845147679,113.60066964285714,0,1,104.31281755494076,237
27-08-2016,0.832489451,111.25561085972852,1,0,111.13145637798343,237
28-08-2016,0.836708861,112.80333333333333,1,0,102.82156399848218,237
29-08-2016,0.832489451,110.56076923076924,0,0,111.65595949653974,237
30-08-2016,0.764978903,112.41653658536585,0,0,111.1019488790683,237
31-08-2016,0.786075949,112.38957142857143,0,0,121.10435281682541,237
01-09-2016,0.849367089,113.74466666666666,0,1,110.35314222621307,237
02-09-2016,0.824050633,116.0995890410959,0,0,107.20791663648876,237
03-09-2016,0.815611814,112.7720737327189,1,0,104.7199600617726,237
04-09-2016,0.78185654,111.81918660287081,1,0,117.66756782820094,237
05-09-2016,0.802953586,111.96471962616823,0,0,114.61197008895898,237
06-09-2016,0.853586498,113.72964601769912,0,1,104.65681064789068,237
07-09-2016,0.849367089,115.38377777777777,0,1,105.7863122052743,237
08-09-2016,0.853586498,121.49429203539823,0,1,126.37761250491717,237
09-09-2016,0.824050633,124.50041095890411,0,0,113.8621747020032,237
10-09-2016,0.828270042,125.64922727272729,1,0,133.73752082068478,237
11-09-2016,0.790295359,118.94450236966826,1,0,123.85077818501658,237
12-09-2016,0.760759494,117.44191176470589,0,0,107.60847185189779,237
13-09-2016,0.849367089,120.05297777777777,0,1,110.0846840407574,237
14-09-2016,0.849367089,120.0479111111111,0,1,131.73192408372265,237
15-09-2016,0.832489451,132.1737556561086,0,0,128.85013543199508,237
16-09-2016,0.845147679,126.37486607142857,0,1,123.10534980348673,237
17-09-2016,0.836708861,122.53243243243243,1,0,130.19805080040723,237
18-09-2016,0.743881857,116.17205,1,0,126.5636068188533,237
19-09-2016,0.845147679,124.48848214285715,0,1,136.5887890938818,237
20-09-2016,0.811392405,123.26819444444445,0,0,129.5148887261404,237
21-09-2016,0.845147679,113.01147321428572,0,1,110.21465590722622,237
22-09-2016,0.853586498,120.93637168141592,0,1,110.8623892553413,237
23-09-2016,0.853586498,110.95535398230088,0,1,117.10554081466724,237
24-09-2016,0.84092827,117.75982062780268,1,0,119.13535542236065,237
25-09-2016,0.659493671,121.15144444444444,1,0,119.31532183707914,237
26-09-2016,0.773417722,120.11125603864734,0,0,129.87280315675554,237
27-09-2016,0.828270042,121.43959090909091,0,0,111.9963871704578,237
28-09-2016,0.849367089,115.272,0,1,115.1019762043632,237
29-09-2016,0.710126582,119.10494791666667,0,0,107.46490817873756,237
30-09-2016,0.828270042,115.12486363636364,0,0,114.40327577298817,237
01-10-2016,0.790295359,114.6227962085308,1,0,104.45124436654811,237
02-10-2016,0.714345992,114.41865284974092,1,0,105.69578474752805,237
03-10-2016,0.828270042,113.0180909090909,0,0,104.37280022667363,237
04-10-2016,0.798734177,113.32882629107982,0,0,116.71079197295002,237
05-10-2016,0.764978903,118.41736585365854,0,1,124.24456315053712,237
06-10-2016,0.845147679,115.52861607142857,0,1,117.45491168248036,237
07-10-2016,0.798734177,117.16723004694835,0,0,127.99752550864856,237
08-10-2016,0.807172996,117.4046046511628,1,0,114.46645062291307,237
09-10-2016,0.811392405,111.13851851851851,1,0,106.37539026510689,237
10-10-2016,0.78185654,112.62665071770336,0,0,120.92946777079223,237
11-10-2016,0.773417722,116.28,0,0,109.8519448206084,237
12-10-2016,0.777637131,113.3673076923077,0,0,123.8701661240629,237
13-10-2016,0.794514768,107.99141509433963,0,0,97.45478936920199,237
14-10-2016,0.84092827,105.5762331838565,0,0,115.49784049918503,237
15-10-2016,0.836708861,109.06324324324325,1,0,99.09835091400345,237
16-10-2016,0.617299578,107.8634705882353,1,0,116.30148133626784,237
17-10-2016,0.773417722,111.69642512077294,0,0,112.3152481,237
18-10-2016,0.790295359,111.35691943127962,0,0,122.33592764806245,237
19-10-2016,0.764978903,113.80951219512195,0,0,104.10831118245206,237
20-10-2016,0.760759494,113.81073529411765,0,0,115.03657443540823,237
21-10-2016,0.714345992,113.96450777202074,0,0,124.66127426561911,237
22-10-2016,0.697468354,112.6200529100529,1,0,113.14030899656298,237
23-10-2016,0.815611814,106.75377880184331,1,0,109.51653752039364,237
24-10-2016,0.849367089,104.83831111111111,0,1,108.94270350218339,237
25-10-2016,0.815611814,103.22345622119816,0,0,102.28497053903696,237
26-10-2016,0.845147679,104.56785714285715,0,1,107.23555216198665,237
27-10-2016,0.815611814,104.67433179723503,0,0,106.43944064953386,237
28-10-2016,0.802953586,107.08429906542057,0,0,115.67584393900181,237
29-10-2016,0.802953586,109.3653738317757,1,0,99.42288852366705,237
30-10-2016,0.819831224,106.78591743119266,1,0,102.10790808107349,237
31-10-2016,0.828270042,103.99718181818183,0,0,113.36548681868324,237
01-11-2016,0.701687764,97.21410526315789,0,1,104.80193417667185,237
02-11-2016,0.786075949,95.63561904761904,0,0,94.78746026803506,237
03-11-2016,0.743881857,95.73055000000001,0,0,98.03062193,237
04-11-2016,0.72278481,98.01507692307692,0,0,93.65107682815119,237
05-11-2016,0.680590717,103.78383783783782,1,0,97.31024124098141,237
06-11-2016,0.524472574,116.20067567567568,1,0,115.35702170085992,237
07-11-2016,0.684810127,142.13290322580644,0,0,137.9642085093558,237
08-11-2016,0.735443038,142.96732323232322,0,0,145.35934130899184,237
09-11-2016,0.697468354,144.03740740740741,0,0,131.87300578150516,237
10-11-2016,0.600421941,127.3927108433735,0,0,139.47959895509626,237
11-11-2016,0.739662447,102.6156783919598,0,0,112.59424746920668,237
12-11-2016,0.756540084,98.53674877,1,0,102.44199097445163,237
13-11-2016,0.714345992,87.58025906735752,1,0,88.21252489051918,237
14-11-2016,0.748101266,85.70820895522387,0,0,82.44319958251768,237
15-11-2016,0.646835443,85.10853107344633,0,0,90.44985771053065,237
16-11-2016,0.739662447,85.64859296482412,0,0,88.81298596602049,237
17-11-2016,0.680590717,85.01994594594595,0,0,79.28308802995092,237
18-11-2016,0.739662447,87.46472361809045,0,0,94.65305014187327,237
19-11-2016,0.739662447,87.39100502512564,1,0,93.02837579,237
20-11-2016,0.54978903,86.72941558441559,1,0,94.53159230636146,237
21-11-2016,0.773417722,81.29183574879227,0,0,84.96166638903321,237
22-11-2016,0.752320675,80.25707921,0,0,82.07755368,237
23-11-2016,0.566666667,81.62759493670886,0,0,80.29287007332395,237
24-11-2016,0.448523207,83.97253846153846,0,0,91.24000030390809,237
25-11-2016,0.667932489,87.16571428571429,0,0,93.54735836621627,237
26-11-2016,0.583544304,87.61561728395061,1,0,79.64642789437818,237
27-11-2016,0.37257384,85.16223214285715,1,0,77.09510301,237
28-11-2016,0.456962025,80.93840909090909,0,0,78.93863738,237
29-11-2016,0.43164557,78.88865079365078,0,0,83.78847744662141,237
30-11-2016,0.338818565,83.02951923076922,0,0,91.12117978069924,237
01-12-2016,0.355696203,87.01314814814815,0,1,80.92948277924836,237
02-12-2016,0.465400844,87.41746268656716,0,0,89.06319634595819,237
03-12-2016,0.638396624,89.958,1,0,87.81503593616269,237
04-12-2016,0.499156118,89.495,1,0,97.90599781,237
05-12-2016,0.608860759,87.59994047619048,0,0,93.59385993668378,237
06-12-2016,0.435864979,88.11992125984251,0,0,94.08262102366052,237
07-12-2016,0.461181435,89.44142857142856,0,0,88.88140286902951,237
08-12-2016,0.634177215,91.48488505747127,0,1,89.92633945,237
09-12-2016,0.684810127,91.13397849462365,0,0,87.00391548788349,237
10-12-2016,0.680590717,90.43243243243244,1,0,82.40882384753515,237
11-12-2016,0.279746835,90.10544444444444,1,0,96.67813880670354,237
12-12-2016,0.165822785,87.3347619,0,0,92.80018893118891,237
13-12-2016,0.191139241,83.81115942028985,0,0,92.18754294,237
14-12-2016,0.203797468,83.83847222222222,0,0,92.16592695613282,237
15-12-2016,0.182700422,86.89626865671642,0,0,87.85963033,237
16-12-2016,0.271308017,84.36897727272728,0,0,88.9078159,237
17-12-2016,0.258649789,87.40635294117646,1,0,95.18142301362516,237
18-12-2016,0.25443038,87.50166666666667,1,0,93.62061255265161,237
19-12-2016,0.317721519,86.87909090909092,0,0,82.48905746,237
20-12-2016,0.3092827,86.85391753,0,0,85.99483040718461,237
21-12-2016,0.317721519,90.68272727272728,0,0,83.95696014923215,237
22-12-2016,0.321940928,96.25370000000001,0,0,104.9945182724906,237
23-12-2016,0.364135021,99.73372727272728,0,0,101.8515656798484,237
24-12-2016,0.440084388,104.1897656,1,0,98.53523712594966,237
25-12-2016,0.4907173,102.67428571428572,1,1,106.20013473989079,237
26-12-2016,0.524472574,102.49162162162162,0,0,104.91305260638936,237
27-12-2016,0.845147679,94.00584821428572,0,1,91.33914141,237
28-12-2016,0.756540084,103.82266009852216,0,0,95.79836434797969,237
29-12-2016,0.802953586,104.75042056074767,0,0,108.34489343980712,237
30-12-2016,0.836708861,114.97828828828828,0,0,115.44527722608602,237
31-12-2016,0.824050633,117.75707762557077,1,0,124.17056122446763,237
01-01-2017,0.828270042,103.36477272727272,1,1,103.78161186923819,237
02-01-2017,0.676371308,101.2783695652174,0,0,108.41204319387617,237
03-01-2017,0.638396624,101.92274285714285,0,0,102.98084033333068,237
04-01-2017,0.617299578,97.93694117647058,0,0,99.13055688,237
05-01-2017,0.537130802,95.55556291390728,0,0,102.75383231902116,237
06-01-2017,0.42742616,94.79952,0,0,92.96956441,237
07-01-2017,0.414767932,93.16663934,1,0,86.34712510097602,237
08-01-2017,0.36835443,86.42189189189189,1,0,78.27719337084484,237
09-01-2017,0.376793249,83.86017699115045,0,0,88.13934807471568,237
10-01-2017,0.48649789,79.61230215827338,0,0,81.52792622924905,237
11-01-2017,0.414767932,82.51713114754098,0,0,85.88514654530165,237
12-01-2017,0.385232068,81.35686957,0,0,76.68640211068492,237
13-01-2017,0.418987342,85.66365853658536,0,0,79.43370858668588,237
14-01-2017,0.351476793,91.29532710280374,1,0,82.43136639447341,237
15-01-2017,0.279746835,85.108,1,0,82.56476119098238,237
16-01-2017,0.355696203,87.6187963,0,0,89.19449219388636,237
17-01-2017,0.338818565,88.25596153846155,0,0,86.35394046,237
18-01-2017,0.718565401,83.66010309,0,0,82.61393219890768,237
19-01-2017,0.583544304,84.895,0,0,91.75721047380937,237
20-01-2017,0.60464135,87.17131736526946,0,0,84.52576319675818,237
21-01-2017,0.516033755,93.06561643835616,1,0,93.32600452481927,237
22-01-2017,0.482278481,88.69036231884058,1,0,93.72182001340911,237
23-01-2017,0.414767932,82.15344262295082,0,0,80.4535693,237
24-01-2017,0.414767932,83.15352459016393,0,0,85.18391247607002,237
25-01-2017,0.461181435,87.02421052631578,0,0,93.33109366173046,237
26-01-2017,0.452742616,86.34473282442748,0,0,94.10748045,237
27-01-2017,0.414767932,84.61565573770493,0,0,78.64303397002192,237
28-01-2017,0.418987342,84.72707317073171,1,0,91.95577735688904,237
29-01-2017,0.271308017,86.07818181818182,1,0,85.94245878664167,237
30-01-2017,0.267088608,88.60816091954023,0,0,84.32385689057867,237
31-01-2017,0.305063291,89.57885416666666,0,0,88.84673974015388,237
01-02-2017,0.305063291,93.8825,0,0,102.89583164984775,237
02-02-2017,0.406329114,91.45516666666667,0,0,91.32014397782672,237
03-02-2017,0.461181435,93.18353383458647,0,0,89.99202781120799,237
04-02-2017,0.503375527,90.35125874125873,1,0,92.76184576219383,237
05-02-2017,0.461181435,86.86766917293232,1,0,82.35308028870973,237
06-02-2017,0.418987342,83.51853658536587,0,0,76.43388175565549,237
07-02-2017,0.48649789,83.04647482014389,0,0,76.88242865422548,237
08-02-2017,0.478059072,83.84547445255474,0,0,77.60813983111724,237
09-02-2017,0.570886076,87.00213836477988,0,0,80.94509636008976,237
10-02-2017,0.642616034,90.77517045454546,0,0,84.21806546128548,237
11-02-2017,0.634177215,91.50080459770115,1,0,94.07883509709913,237
12-02-2017,0.634177215,90.42603448275861,1,0,84.67276999120357,237
13-02-2017,0.769198312,94.02854368932039,0,0,91.12620757078567,237
14-02-2017,0.802953586,95.98373831775702,0,0,103.60078529854454,237
15-02-2017,0.836708861,92.49630630630631,0,0,92.01461588671448,237
16-02-2017,0.78185654,92.98727272727272,0,0,96.10342015315668,237
17-02-2017,0.748101266,91.90621890547264,0,0,85.88305057580935,237
18-02-2017,0.739662447,92.83512563,1,0,87.12184811,237
19-02-2017,0.613080169,93.42408284,1,0,84.84529715,237
20-02-2017,0.689029536,94.16582887700534,0,0,87.93082803742072,237
21-02-2017,0.705907173,93.41052356020943,0,0,89.27412508974679,237
22-02-2017,0.853586498,89.32026548672567,0,1,83.55036362795968,237
23-02-2017,0.773417722,88.40690821256038,0,0,81.13460074332066,237
24-02-2017,0.48649789,97.59330935251798,0,0,90.18862919473246,237
25-02-2017,0.680590717,90.74254054054053,1,0,90.03073369417247,237
26-02-2017,0.617299578,93.42723529411764,1,0,87.93994953642752,237
27-02-2017,0.807172996,91.91102325581394,0,0,89.41600406,237
28-02-2017,0.701687764,91.82700000000001,0,0,91.88975955,237
01-03-2017,0.655274262,91.86960893854749,0,0,95.36790863,237
02-03-2017,0.748101266,89.06417910447762,0,0,80.85802188678744,237
03-03-2017,0.773417722,90.50806763285023,0,0,95.92787895973791,237
04-03-2017,0.701687764,90.25163157894738,1,0,92.56027534517484,237
05-03-2017,0.638396624,89.27165714285714,1,0,81.80424428226574,237
06-03-2017,0.815611814,87.22271889400922,0,0,93.73962755706445,237
07-03-2017,0.828270042,87.74536363636363,0,0,95.13128400219829,237
08-03-2017,0.705907173,89.65539267015707,0,0,81.78504709799735,237
09-03-2017,0.684810127,88.31010752688172,0,0,84.36931575,237
10-03-2017,0.794514768,90.26018867924529,0,0,95.78774574,237
11-03-2017,0.84092827,89.36977578475336,1,0,93.80715835794933,237
12-03-2017,0.705907173,83.96869109947644,1,0,78.67061968466804,237
13-03-2017,0.613080169,93.81609467455621,0,0,88.36255239474282,237
14-03-2017,0.777637131,90.49480769230769,0,0,88.15048726257112,237
15-03-2017,0.828270042,83.38427272727273,0,0,83.12616480250556,237
16-03-2017,0.815611814,85.24898618,0,0,87.26520605178074,237
17-03-2017,0.828270042,89.57490909090909,0,0,87.22649932718993,237
18-03-2017,0.853586498,92.66871681,1,1,91.97434485795542,237
19-03-2017,0.84092827,91.40914798206279,1,0,95.93336950308849,237
20-03-2017,0.824050633,89.34890410958904,0,0,81.06953449413106,237
21-03-2017,0.811392405,89.7175,0,0,85.27535231083695,237
22-03-2017,0.676371308,89.70266304347827,0,0,93.53026825,237
23-03-2017,0.735443038,92.89767676767677,0,0,100.2404362,237
24-03-2017,0.836708861,96.71828828828828,0,0,96.94417273089084,237
25-03-2017,0.849367089,98.36426666666667,1,1,98.99603055231339,237
26-03-2017,0.600421941,95.08548192771084,1,0,87.61503420442071,237
27-03-2017,0.802953586,92.67509345794393,0,0,91.70038069407025,237
28-03-2017,0.807172996,92.30479069767442,0,0,92.90693668832667,237
29-03-2017,0.731223629,93.42137055837563,0,0,88.60961885644528,237
30-03-2017,0.815611814,95.21115207373272,0,0,90.81702850770837,237
31-03-2017,0.794514768,103.06490566037735,0,0,100.53536642984608,237
01-04-2017,0.807172996,106.22702325581396,1,0,96.03074164885388,237
02-04-2017,0.697468354,112.17693121693121,1,0,108.18520857604425,237
03-04-2017,0.84092827,113.90372197309416,0,0,107.3302927759246,237
04-04-2017,0.819831224,114.39477064220183,0,0,110.44809047564584,237
05-04-2017,0.807172996,116.0199534883721,0,0,107.19691753220245,237
06-04-2017,0.836708861,120.25918918918919,0,0,129.6520880167969,237
07-04-2017,0.807172996,124.56618604651163,0,0,126.89787704290426,237
08-04-2017,0.819831224,122.54348623853211,1,0,126.9330507548065,237
09-04-2017,0.731223629,123.6820812182741,1,0,130.83514134215847,237
10-04-2017,0.824050633,127.20662100456622,0,0,127.16698848247984,237
11-04-2017,0.819831224,130.1972018348624,0,0,119.4408373097087,237
12-04-2017,0.786075949,132.4235238095238,0,0,133.40627961432332,237
13-04-2017,0.845147679,131.7477232142857,0,1,134.0359471304125,237
14-04-2017,0.84092827,130.00139013452915,0,1,136.38288470209932,237
15-04-2017,0.798734177,131.31769953051645,1,0,129.52283729571843,237
16-04-2017,0.815611814,130.4289861751152,1,1,120.71412146751159,237
17-04-2017,0.777637131,129.08033653846152,0,0,123.49828076901659,237
18-04-2017,0.72278481,125.35682051282052,0,0,121.92410691374376,237
19-04-2017,0.815611814,124.64345622119816,0,0,128.28098207756486,237
20-04-2017,0.84092827,123.95560538116591,0,0,125.71027890178344,237
21-04-2017,0.819831224,123.30449541284405,0,0,119.75571129255961,237
22-04-2017,0.828270042,124.26277272727273,1,0,136.35391948509567,237
23-04-2017,0.697468354,116.77936507936508,1,0,119.24982832854145,237
24-04-2017,0.836708861,115.62563063063062,0,0,109.5489670469587,237
25-04-2017,0.815611814,117.80124423963133,0,1,108.41914019896215,237
26-04-2017,0.836708861,120.66090090090091,0,0,112.28363509979437,237
27-04-2017,0.832489451,122.3623076923077,0,0,116.14526797105418,237
28-04-2017,0.845147679,127.67558035714285,0,1,119.01103983812786,237
29-04-2017,0.845147679,130.12598214285714,1,1,121.96882737660067,237
30-04-2017,0.815611814,131.48995391705068,1,0,125.83838864405118,237
01-05-2017,0.752320675,128.34821782178219,0,1,119.96383443429131,237
02-05-2017,0.735443038,122.8840404040404,0,0,132.63526809818438,237
03-05-2017,0.798734177,123.60183098591548,0,0,113.22505546145138,237
04-05-2017,0.811392405,128.25166666666667,0,0,128.8803919796069,237
05-05-2017,0.832489451,129.4964705882353,0,0,127.17581165656614,237
06-05-2017,0.832489451,128.6691855,1,0,141.0826382703758,237
07-05-2017,0.798734177,123.14450704225352,1,0,113.5894514134362,237
08-05-2017,0.731223629,121.77908629441625,0,0,119.29127593075623,237
09-05-2017,0.790295359,124.68018957345971,0,0,136.3869220974412,237
10-05-2017,0.819831224,130.2343119266055,0,0,139.75462573562024,237
11-05-2017,0.811392405,133.15217592592592,0,0,141.59594316037317,237
12-05-2017,0.78185654,141.44196172248803,0,0,134.5934219084416,237
13-05-2017,0.798734177,141.2182629107981,1,0,131.92292626856675,237
14-05-2017,0.832489451,134.89239819004524,1,0,139.4421358648648,237
15-05-2017,0.769198312,132.67276699029125,0,0,144.06606710164127,237
16-05-2017,0.836708861,132.70445945945946,0,0,134.2109972664132,237
17-05-2017,0.824050633,135.5985388127854,0,0,137.54065402329982,237
18-05-2017,0.824050633,138.40351598173515,0,0,132.31318257635422,237
19-05-2017,0.836708861,139.68472972972972,0,0,147.2135392371273,237
20-05-2017,0.845147679,142.90459821428573,1,1,133.9600207400785,237
21-05-2017,0.815611814,140.96299539170508,1,0,135.99205479446297,237
22-05-2017,0.84092827,138.89286995515695,0,0,136.8216005482283,237
23-05-2017,0.832489451,139.70466063348417,0,0,139.91730170776498,237
24-05-2017,0.828270042,134.4448181818182,0,0,127.51848284364611,237
25-05-2017,0.845147679,132.91125,0,1,122.67274618442369,237
26-05-2017,0.836708861,135.4905855855856,0,0,138.48818045116943,237
27-05-2017,0.828270042,133.4961818181818,1,0,127.85277899909237,237
28-05-2017,0.705907173,127.59146596858639,1,0,129.66452672138473,237
29-05-2017,0.667932489,124.60461538461539,0,0,115.99101519944722,237
30-05-2017,0.659493671,129.90377777777778,0,0,129.41378337426514,237
31-05-2017,0.739662447,127.31095477386935,0,0,128.14075312860558,237
01-06-2017,0.739662447,130.21969849246233,0,0,118.54741771118198,237
02-06-2017,0.832489451,129.87036199095022,0,0,125.62630968320458,237
03-06-2017,0.802953586,132.73929906542057,1,0,123.03379115907539,237
04-06-2017,0.739662447,131.55371859296483,1,0,120.06578933995074,237
05-06-2017,0.811392405,132.8874537037037,0,0,145.90936724337865,237
06-06-2017,0.824050633,136.06004566210046,0,0,131.2259368692133,237
07-06-2017,0.824050633,136.08447488584474,0,0,144.51829513477878,237
08-06-2017,0.815611814,141.55834101382487,0,0,134.6118086410489,237
09-06-2017,0.815611814,139.61714285714285,0,0,144.6853211566826,237
10-06-2017,0.794514768,137.8214150943396,1,1,144.99440947373324,237
11-06-2017,0.693248945,133.68787234042554,1,0,136.24502028946165,237
12-06-2017,0.743881857,133.0516,0,0,132.29523328170006,237
13-06-2017,0.756540084,128.75817733990147,0,0,126.48793669783154,237
14-06-2017,0.811392405,126.57134259259259,0,0,122.7455533101928,237
15-06-2017,0.815611814,130.65244239631335,0,1,141.87624875158875,237
16-06-2017,0.802953586,126.08785046728971,0,0,134.42526855743432,237
17-06-2017,0.794514768,131.3220283018868,1,0,143.53568372662417,237
18-06-2017,0.710126582,124.7507813,1,0,115.37693827240552,237
19-06-2017,0.764978903,127.22297560975609,0,0,133.09730504313993,237
20-06-2017,0.824050633,134.14164383561643,0,0,145.90158572314226,237
21-06-2017,0.84092827,135.5113004484305,0,0,126.87199609966046,237
22-06-2017,0.798734177,132.5375117370892,0,0,121.04641052669966,237
23-06-2017,0.769198312,126.92907766990291,0,0,133.05012199421398,237
24-06-2017,0.764978903,125.81336585365854,1,0,127.68730846061159,237
25-06-2017,0.790295359,122.55639810426541,1,0,130.9350588338416,237
26-06-2017,0.845147679,121.82915178571429,0,1,113.0519066246337,237
27-06-2017,0.739662447,120.80834170854271,0,0,127.94249256984921,237
28-06-2017,0.807172996,121.74525581395349,0,0,114.48016416421706,237
29-06-2017,0.802953586,125.60981308411215,0,0,117.1601903,237
30-06-2017,0.798734177,125.96089201877933,0,0,117.50301610401429,237
01-07-2017,0.811392405,123.84027777777777,1,0,131.63168192484198,237
02-07-2017,0.748101266,125.83069651741295,1,0,129.98807278600168,237
03-07-2017,0.777637131,126.26615384615386,0,0,126.84863034063876,237
04-07-2017,0.828270042,122.03145454545454,0,0,118.5860302734772,237
05-07-2017,0.845147679,122.77071428571428,0,1,132.0325502506309,237
06-07-2017,0.815611814,121.90493087557603,0,0,119.2826365265813,237
07-07-2017,0.828270042,120.62222727272727,0,0,128.2600132,237
08-07-2017,0.832489451,119.11434389140271,1,0,117.66436280509298,237
09-07-2017,0.824050633,122.08607305936073,1,0,119.08139878344232,237
10-07-2017,0.832489451,124.6239366515837,0,0,123.69373824627682,237
11-07-2017,0.824050633,124.98529680365296,0,0,120.02032773377952,237
12-07-2017,0.849367089,122.58657777777778,0,1,128.65729508607444,237
13-07-2017,0.845147679,122.25370535714286,0,1,122.32022091090737,237
14-07-2017,0.836708861,122.66585585585585,0,0,116.09618406842613,237
15-07-2017,0.807172996,121.33111627906976,1,0,131.02728208149705,237
16-07-2017,0.815611814,123.4563594470046,1,0,120.58948602518431,237
17-07-2017,0.845147679,121.77276785714285,0,1,122.83347834633248,237
18-07-2017,0.845147679,120.75,0,1,130.56630147979382,237
19-07-2017,0.845147679,120.93611607142857,0,1,123.94108821029583,237
20-07-2017,0.845147679,122.8946875,0,1,113.47844838644335,237
21-07-2017,0.807172996,125.11679069767442,0,0,136.12286744812658,237
22-07-2017,0.828270042,126.24109090909091,1,0,129.4654916966133,237
23-07-2017,0.828270042,129.67822727272727,1,0,125.39639782793735,237
24-07-2017,0.790295359,133.97843601895735,0,0,124.31248331237346,237
25-07-2017,0.84092827,135.74582959641256,0,0,143.72836824436027,237
26-07-2017,0.819831224,133.27243119266055,0,0,136.47290881317974,237
27-07-2017,0.84092827,128.5496860986547,0,0,129.40996867266958,237
28-07-2017,0.828270042,129.43163636363636,0,0,139.62806867879334,237
29-07-2017,0.786075949,130.62295238095237,1,0,138.16243633676388,237
30-07-2017,0.705907173,131.02151832460734,1,0,121.89390109900407,237
31-07-2017,0.807172996,127.62655813953488,0,0,122.82070524735832,237
01-08-2017,0.786075949,132.41714285714286,0,0,125.75627295648071,237
02-08-2017,0.84092827,138.2713452914798,0,0,145.0175017020584,237
03-08-2017,0.832489451,134.46678733031675,0,0,121.92190835134184,237
04-08-2017,0.84092827,135.41730941704037,0,0,137.31016403329608,237
05-08-2017,0.794514768,135.50367924528302,1,0,142.61650275883204,237
06-08-2017,0.811392405,134.2565277777778,1,0,144.373177,237
07-08-2017,0.84092827,139.05520179372198,0,0,134.66333093387775,237
08-08-2017,0.849367089,138.31404444444445,0,1,147.2009238677459,237
09-08-2017,0.836708861,139.61824324324326,0,0,128.74566067104587,237
10-08-2017,0.836708861,140.49747747747747,0,0,150.23261208847566,237
11-08-2017,0.836708861,143.12927927927927,0,0,132.46582342252256,237
12-08-2017,0.849367089,142.9660888888889,1,1,140.02920201933588,237
13-08-2017,0.777637131,138.6106730769231,1,0,146.8523352275939,237
14-08-2017,0.84092827,141.29125560538117,0,0,131.3985343542904,237
15-08-2017,0.819831224,143.7875229357798,0,1,136.0014686922164,237
16-08-2017,0.828270042,139.81768181818182,0,0,146.0326495963529,237
17-08-2017,0.832489451,136.91972850678732,0,0,142.94519707587978,237
18-08-2017,0.836708861,136.17522522522523,0,0,140.0193873648578,237
19-08-2017,0.815611814,134.5325806451613,1,0,139.75105759441604,237
20-08-2017,0.828270042,130.38636363636363,1,0,131.5005005976598,237
21-08-2017,0.756708861,128.35036036036036,0,0,121.97902431414573,237
22-08-2017,0.756708861,127.41900900900902,0,0,123.48675629023896,237
23-08-2017,0.76092827,130.33062780269057,0,0,122.03111391007451,237
24-08-2017,0.756708861,133.11306306306307,0,0,143.98708412885244,237
25-08-2017,0.752489451,135.9812217,0,0,138.2491653461921,237
26-08-2017,0.76092827,132.1309865470852,1,0,129.5108665,237
27-08-2017,0.634345992,130.39108808290155,1,0,129.40026716216616,237
28-08-2017,0.718734177,125.80361502347417,0,0,137.05758723606192,237
29-08-2017,0.714514768,125.82867924528303,0,0,117.1050122236562,237
30-08-2017,0.672320675,120.76445544554454,0,0,122.84715518687841,237
31-08-2017,0.76092827,122.32461883408071,0,0,122.46868491407643,237
01-09-2017,0.722320675,132.92719298245615,0,0,135.89025271492287,237
02-09-2017,0.732320675,130.886,1,0,118.2714739039149,237
03-09-2017,0.682320675,121.90514285714286,1,0,130.9779065132219,237
04-09-2017,0.672320675,136.2911111111111,0,0,148.06988728133442,237
05-09-2017,0.632320675,131.23142857142858,0,0,132.94093271739197,237
06-09-2017,0.642320675,159.685,0,0,165.96543736215634,237
07-09-2017,,,0,0,123.94108821029583,237
08-09-2017,,,0,0,113.47844838644335,237
09-09-2017,,,1,1,136.12286744812658,237
10-09-2017,,,1,0,129.4654916966133,237
11-09-2017,,,0,0,125.39639782793735,237
12-09-2017,,,0,0,124.31248331237346,237
13-09-2017,,,0,0,143.72836824436027,237
14-09-2017,,,0,0,136.47290881317974,237
15-09-2017,,,0,0,129.40996867266958,237
16-09-2017,,,1,0,139.62806867879334,237
17-09-2017,,,1,0,138.16243633676388,237
18-09-2017,,,0,0,121.89390109900407,237
19-09-2017,,,0,0,122.82070524735832,237
20-09-2017,,,0,1,125.75627295648071,237
21-09-2017,,,0,0,145.0175017020584,237
22-09-2017,,,0,0,121.92190835134184,237
23-09-2017,,,1,0,137.31016403329608,237
24-09-2017,,,1,0,132.0325502506309,237
25-09-2017,,,0,0,119.2826365265813,237
26-09-2017,,,0,0,128.2600132,237
27-09-2017,,,0,0,117.66436280509298,237
28-09-2017,,,0,0,119.08139878344232,237
29-09-2017,,,0,0,123.69373824627682,237
30-09-2017,,,1,0,120.02032773377952,237
01-10-2017,,,1,0,128.65729508607444,237
02-10-2017,,,0,0,122.32022091090737,237
03-10-2017,,,0,0,122.82070524735832,237
04-10-2017,,,0,1,103.4563,237
05-10-2017,,,0,0,121.34567,237
06-10-2017,,,0,0,113.56778,237
