Date,Occupancy_Rate,Occupied_Rooms,ADR,Revenue,RevPAR,Is_Weekend,Local_Event,Competitor_Rate,Capacity,Bookings_Created,Cancellations,Booking_Pace
2015-07-01,0.2742616033755274,65.0,95.07692307692308,6180.0,26.075949367088608,0,0,97.93,237,115,4,0.48523206751054854
2015-07-02,0.27848101265822783,66.0,94.52530303030304,6238.67,26.32350210970464,0,0,97.36,237,528,455,2.2278481012658227
2015-07-03,0.05485232067510549,13.0,76.30307692307693,991.94,4.185400843881856,0,0,78.59,237,118,68,0.4978902953586498
2015-07-04,0.09282700421940929,22.0,71.17909090909092,1565.94,6.607341772151899,1,0,73.31,237,0,1,0.0
2015-07-05,0.05063291139240506,12.0,68.5225,822.27,3.469493670886076,1,0,70.58,237,1,0,0.004219409282700422
2015-07-06,0.046413502109704644,11.0,63.67272727272727,700.4,2.9552742616033756,0,0,65.58,237,733,761,3.0928270042194095
2015-07-07,0.05063291139240506,12.0,64.39333333333333,772.72,3.26042194092827,0,0,66.33,237,23,6,0.0970464135021097
2015-07-08,0.11392405063291139,27.0,60.174814814814816,1624.72,6.8553586497890295,0,0,61.98,237,623,40,2.628691983122363
2015-07-09,0.11392405063291139,27.0,59.538518518518515,1607.54,6.782869198312236,0,0,61.32,237,113,59,0.4767932489451477
2015-07-10,0.02531645569620253,6.0,75.32666666666667,451.96000000000004,1.9070042194092829,0,0,77.59,237,793,37,3.345991561181435
2015-07-11,0.15611814345991562,37.0,85.22162162162162,3153.2,13.30464135021097,1,0,87.78,237,31,3,0.1308016877637131
2015-07-12,0.13924050632911392,33.0,86.97818181818182,2870.28,12.110886075949368,1,0,89.59,237,0,2,0.0
2015-07-13,0.1350210970464135,32.0,87.1884375,2790.03,11.772278481012659,0,0,89.8,237,71,8,0.29957805907172996
2015-07-14,0.008438818565400843,2.0,84.31,168.62,0.7114767932489452,0,0,86.84,237,7,2,0.029535864978902954
2015-07-15,0.10548523206751055,25.0,58.09479999999999,1452.37,6.128143459915611,0,0,59.84,237,190,2,0.8016877637130801
2015-07-16,0.10548523206751055,25.0,58.09479999999999,1452.37,6.128143459915611,0,0,59.84,237,5,29,0.02109704641350211
2015-07-17,0.23628691983122363,56.0,98.80357142857143,5533.0,23.345991561181435,0,0,101.77,237,46,7,0.1940928270042194
2015-07-18,0.4177215189873418,99.0,86.38131313131314,8551.75,36.083333333333336,1,0,88.97,237,0,19,0.0
2015-07-19,0.18565400843881857,44.0,68.60795454545455,3018.75,12.737341772151899,1,0,70.67,237,0,0,0.0
2015-07-20,0.10548523206751055,25.0,65.52640000000001,1638.16,6.912067510548524,0,0,67.49,237,4,6,0.016877637130801686
2015-07-21,0.0759493670886076,18.0,54.25888888888889,976.66,4.120928270042194,0,0,55.89,237,30,8,0.12658227848101267
2015-07-22,0.10970464135021098,26.0,61.075384615384614,1587.96,6.700253164556962,0,0,62.91,237,125,92,0.5274261603375527
2015-07-23,0.270042194092827,64.0,74.5759375,4772.86,20.138649789029536,0,0,76.81,237,278,170,1.1729957805907174
2015-07-24,0.02531645569620253,6.0,0.0,0.0,0.0,0,0,0.0,237,41,3,0.1729957805907173
2015-07-25,0.28270042194092826,67.0,56.155970149253726,3762.45,15.875316455696202,1,0,57.84,237,80,45,0.33755274261603374
2015-07-26,0.16455696202531644,39.0,60.02435897435897,2340.95,9.877426160337553,1,0,61.83,237,1,0,0.004219409282700422
2015-07-27,0.270042194092827,64.0,61.85546875,3958.75,16.703586497890296,0,0,63.71,237,14,2,0.05907172995780591
2015-07-28,0.2320675105485232,55.0,55.74509090909091,3065.98,12.93662447257384,0,0,57.42,237,34,16,0.14345991561181434
2015-07-29,0.10548523206751055,25.0,54.32,1358.0,5.729957805907173,0,0,55.95,237,17,17,0.07172995780590717
2015-07-30,0.0759493670886076,18.0,55.861111111111114,1005.5,4.242616033755274,0,0,57.54,237,89,29,0.3755274261603376
2015-07-31,0.0759493670886076,18.0,66.68277777777777,1200.29,5.064514767932489,0,0,68.68,237,33,28,0.13924050632911392
2015-08-01,0.1308016877637131,31.0,75.68193548387096,2346.14,9.899324894514768,1,0,77.95,237,4,40,0.016877637130801686
2015-08-02,0.14345991561181434,34.0,69.65235294117646,2368.18,9.992320675105484,1,0,71.74,237,0,0,0.0
2015-08-03,0.21518987341772153,51.0,66.80823529411765,3407.2200000000003,14.376455696202532,0,0,68.81,237,9,1,0.0379746835443038
2015-08-04,0.16033755274261605,38.0,60.51763157894737,2299.67,9.70324894514768,0,0,62.33,237,132,49,0.5569620253164557
2015-08-05,0.42616033755274263,101.0,63.1090099009901,6374.01,26.894556962025316,0,0,65.0,237,170,11,0.7172995780590717
2015-08-06,0.4767932489451477,113.0,66.5224778761062,7517.04,31.71746835443038,0,0,68.52,237,50,48,0.2109704641350211
2015-08-07,0.459915611814346,109.0,69.49577981651376,7575.04,31.962194092827005,0,0,71.58,237,72,9,0.3037974683544304
2015-08-08,0.540084388185654,128.0,75.679609375,9686.99,40.87337552742616,1,0,77.95,237,63,4,0.26582278481012656
2015-08-09,0.4641350210970464,110.0,79.24727272727273,8717.2,36.78143459915612,1,0,81.62,237,23,3,0.0970464135021097
2015-08-10,0.6708860759493671,159.0,77.79974842767295,12370.16,52.19476793248945,0,0,80.13,237,127,42,0.5358649789029536
2015-08-11,0.7257383966244726,172.0,77.93343023255814,13404.55,56.55928270042194,0,0,80.27,237,143,68,0.6033755274261603
2015-08-12,0.5907172995780591,140.0,79.48935714285714,11128.51,46.955738396624476,0,0,81.87,237,59,5,0.2489451476793249
2015-08-13,0.5147679324894515,122.0,80.52073770491803,9823.53,41.44949367088608,0,0,82.94,237,102,25,0.43037974683544306
2015-08-14,0.620253164556962,147.0,92.94340136054421,13662.68,57.6484388185654,0,0,95.73,237,159,39,0.6708860759493671
2015-08-15,0.759493670886076,180.0,90.83572222222223,16350.43,68.98915611814346,1,0,93.56,237,48,2,0.20253164556962025
2015-08-16,0.4472573839662447,106.0,81.61415094339623,8651.1,36.50253164556962,1,0,84.06,237,1,0,0.004219409282700422
2015-08-17,0.6455696202531646,153.0,81.77150326797386,12511.04,52.78919831223629,0,0,84.22,237,368,75,1.5527426160337552
2015-08-18,0.6877637130801688,163.0,84.69386503067484,13805.1,58.2493670886076,0,0,87.23,237,45,30,0.189873417721519
2015-08-19,0.4936708860759494,117.0,87.52025641025642,10239.87,43.20620253164557,0,0,90.15,237,54,15,0.22784810126582278
2015-08-20,0.4767932489451477,113.0,87.58469026548673,9897.07,41.75978902953587,0,0,90.21,237,93,15,0.3924050632911392
2015-08-21,0.4430379746835443,105.0,87.02695238095238,9137.83,38.556244725738395,0,0,89.64,237,165,123,0.6962025316455697
2015-08-22,0.48523206751054854,115.0,88.36939130434783,10162.48,42.87966244725738,1,0,91.02,237,41,21,0.1729957805907173
2015-08-23,0.4472573839662447,106.0,85.32613207547169,9044.57,38.16274261603375,1,0,87.89,237,6,0,0.02531645569620253
2015-08-24,0.5316455696202531,126.0,79.60388888888889,10030.09,42.32105485232068,0,0,81.99,237,76,18,0.3206751054852321
2015-08-25,0.5527426160337553,131.0,73.38824427480917,9613.86,40.56481012658228,0,0,75.59,237,86,26,0.3628691983122363
2015-08-26,0.5569620253164557,132.0,73.06378787878788,9644.42,40.693755274261605,0,0,75.26,237,123,11,0.5189873417721519
2015-08-27,0.4767932489451477,113.0,73.4412389380531,8298.86,35.016286919831224,0,0,75.64,237,28,6,0.11814345991561181
2015-08-28,0.3459915611814346,82.0,74.54524390243903,6112.71,25.792025316455696,0,0,76.78,237,49,17,0.20675105485232068
2015-08-29,0.34177215189873417,81.0,90.68530864197531,7345.51,30.993713080168778,1,0,93.41,237,35,1,0.14767932489451477
2015-08-30,0.26582278481012656,63.0,87.37222222222222,5504.45,23.225527426160337,1,0,89.99,237,2,0,0.008438818565400843
2015-08-31,0.4177215189873418,99.0,85.04828282828284,8419.78,35.52649789029536,0,0,87.6,237,112,57,0.47257383966244726
2015-09-01,0.4092827004219409,97.0,84.16865979381443,8164.36,34.448776371308014,0,0,86.69,237,124,25,0.5232067510548524
2015-09-02,0.5358649789029536,127.0,82.65055118110237,10496.62,44.28953586497891,0,0,85.13,237,64,6,0.270042194092827
2015-09-03,0.5485232067510548,130.0,94.49307692307693,12284.1,51.83164556962026,0,0,97.33,237,114,14,0.4810126582278481
2015-09-04,0.8734177215189873,207.0,93.49748792270532,19353.98,81.6623628691983,0,0,96.3,237,140,40,0.5907172995780591
2015-09-05,0.8396624472573839,199.0,91.53517587939699,18215.5,76.85864978902954,1,0,94.28,237,51,14,0.21518987341772153
2015-09-06,0.9156118143459916,217.0,81.29824884792627,17641.72,74.43763713080169,1,0,83.74,237,4,1,0.016877637130801686
2015-09-07,0.8945147679324894,212.0,87.21160377358491,18488.86,78.01206751054852,0,0,89.83,237,100,35,0.4219409282700422
2015-09-08,0.6962025316455697,165.0,94.04490909090909,15517.41,65.47430379746835,0,0,96.87,237,70,17,0.29535864978902954
2015-09-09,0.8396624472573839,199.0,95.91492462311558,19087.07,80.53616033755274,0,0,98.79,237,174,177,0.7341772151898734
2015-09-10,0.7890295358649789,187.0,96.02251336898395,17956.21,75.76459915611814,0,0,98.9,237,36,22,0.1518987341772152
2015-09-11,0.7890295358649789,187.0,90.52171122994653,16927.56,71.42430379746835,0,0,93.24,237,68,26,0.2869198312236287
2015-09-12,0.8185654008438819,194.0,85.5683505154639,16600.26,70.0432911392405,1,0,88.14,237,138,8,0.5822784810126582
2015-09-13,0.5443037974683544,129.0,92.39472868217054,11918.92,50.29080168776371,1,0,95.17,237,9,0,0.0379746835443038
2015-09-14,0.7215189873417721,171.0,94.19134502923976,16106.72,67.96084388185653,0,0,97.02,237,192,41,0.810126582278481
2015-09-15,0.8227848101265823,195.0,96.7043076923077,18857.34,79.56683544303797,0,0,99.61,237,92,62,0.3881856540084388
2015-09-16,0.8860759493670886,210.0,95.38523809523811,20030.9,84.51856540084388,0,0,98.25,237,91,36,0.38396624472573837
2015-09-17,0.9113924050632911,216.0,88.65425925925926,19149.32,80.79881856540084,0,0,91.31,237,137,60,0.5780590717299579
2015-09-18,0.9282700421940928,220.0,97.43154545454544,21434.94,90.44278481012658,0,0,100.35,237,64,13,0.270042194092827
2015-09-19,0.919831223628692,218.0,102.03330275229357,22243.26,93.85341772151898,1,0,105.09,237,28,3,0.11814345991561181
2015-09-20,0.7341772151898734,174.0,101.3816091954023,17640.4,74.43206751054853,1,0,104.42,237,12,2,0.05063291139240506
2015-09-21,0.890295358649789,211.0,97.32274881516587,20535.1,86.64599156118143,0,0,100.24,237,139,17,0.5864978902953587
2015-09-22,0.9240506329113924,219.0,98.05073059360731,21473.11,90.60383966244726,0,0,100.99,237,96,34,0.4050632911392405
2015-09-23,0.8818565400843882,209.0,119.63870813397128,25004.489999999998,105.50417721518987,0,0,123.23,237,71,5,0.29957805907172996
2015-09-24,0.8312236286919831,197.0,123.54441624365482,24338.25,102.69303797468355,0,0,127.25,237,55,58,0.2320675105485232
2015-09-25,0.9113924050632911,216.0,156.94865740740738,33900.909999999996,143.04181434599155,0,0,161.66,237,76,5,0.3206751054852321
2015-09-26,0.7932489451476793,188.0,164.23117021276596,30875.46,130.27620253164557,1,0,169.16,237,27,5,0.11392405063291139
2015-09-27,0.8185654008438819,194.0,163.26974226804126,31674.33,133.64696202531647,1,0,168.17,237,3,3,0.012658227848101266
2015-09-28,0.8312236286919831,197.0,160.128730964467,31545.36,133.1027848101266,0,0,164.93,237,107,45,0.45147679324894513
2015-09-29,0.6919831223628692,164.0,138.1759756097561,22660.86,95.61544303797469,0,0,142.32,237,69,15,0.2911392405063291
2015-09-30,0.4767932489451477,113.0,105.57902654867257,11930.43,50.339367088607595,0,0,108.75,237,58,36,0.24472573839662448
2015-10-01,0.3881856540084388,92.0,109.48489130434783,10072.61,42.5004641350211,0,0,112.77,237,108,17,0.45569620253164556
2015-10-02,0.890295358649789,211.0,103.44004739336492,21825.85,92.092194092827,0,0,106.54,237,85,18,0.35864978902953587
2015-10-03,0.8438818565400844,200.0,100.7933,20158.66,85.05763713080168,1,0,103.82,237,638,3,2.691983122362869
2015-10-04,0.679324894514768,161.0,92.04869565217392,14819.84,62.530970464135024,1,0,94.81,237,9,4,0.0379746835443038
2015-10-05,0.7341772151898734,174.0,101.35862068965518,17636.4,74.41518987341773,0,0,104.4,237,66,16,0.27848101265822783
2015-10-06,0.759493670886076,180.0,101.81644444444444,18326.96,77.32894514767932,0,0,104.87,237,26,9,0.10970464135021098
2015-10-07,0.9367088607594937,222.0,97.64405405405405,21676.98,91.4640506329114,0,0,100.57,237,50,66,0.2109704641350211
2015-10-08,0.9409282700421941,223.0,93.80932735426009,20919.48,88.26784810126583,0,0,96.62,237,62,15,0.2616033755274262
2015-10-09,0.8649789029535865,205.0,101.27634146341464,20761.65,87.60189873417723,0,0,104.31,237,28,14,0.11814345991561181
2015-10-10,0.9367088607594937,222.0,85.94333333333334,19079.420000000002,80.50388185654009,1,0,88.52,237,40,3,0.16877637130801687
2015-10-11,0.729957805907173,173.0,83.29421965317918,14409.9,60.801265822784806,1,0,85.79,237,9,0,0.0379746835443038
2015-10-12,0.7383966244725738,175.0,84.7496,14831.18,62.578818565400844,0,0,87.29,237,72,62,0.3037974683544304
2015-10-13,0.6582278481012658,156.0,91.02974358974359,14200.64,59.918312236286916,0,0,93.76,237,73,43,0.3080168776371308
2015-10-14,0.5611814345991561,133.0,94.1724060150376,12524.93,52.847805907173,0,0,97.0,237,82,15,0.3459915611814346
2015-10-15,0.8016877637130801,190.0,95.30457894736841,18107.87,76.40451476793248,0,0,98.16,237,44,30,0.18565400843881857
2015-10-16,0.9113924050632911,216.0,97.12893518518518,20979.85,88.52257383966244,0,0,100.04,237,216,47,0.9113924050632911
2015-10-17,0.9156118143459916,217.0,91.06410138248847,19760.91,83.3793670886076,1,0,93.8,237,9,6,0.0379746835443038
2015-10-18,0.6540084388185654,155.0,92.04567741935483,14267.08,60.19864978902954,1,0,94.81,237,6,2,0.02531645569620253
2015-10-19,0.8270042194092827,196.0,90.42260204081633,17722.83,74.77987341772153,0,0,93.14,237,190,100,0.8016877637130801
2015-10-20,0.9071729957805907,215.0,97.57790697674419,20979.25,88.52004219409282,0,0,100.51,237,58,31,0.24472573839662448
2015-10-21,0.9071729957805907,215.0,91.15079069767441,19597.42,82.6895358649789,0,0,93.89,237,134,1367,0.5654008438818565
2015-10-22,0.6118143459915611,145.0,99.83075862068966,14475.460000000001,61.07789029535866,0,0,102.83,237,96,57,0.4050632911392405
2015-10-23,0.5358649789029536,127.0,94.83393700787401,12043.91,50.81818565400844,0,0,97.68,237,62,78,0.2616033755274262
2015-10-24,0.45147679324894513,107.0,102.5585046728972,10973.76,46.30278481012658,1,0,105.64,237,21,4,0.08860759493670886
2015-10-25,0.8227848101265823,195.0,93.70907692307692,18273.27,77.10240506329114,1,0,96.52,237,2,0,0.008438818565400843
2015-10-26,0.8396624472573839,199.0,91.76969849246233,18262.170000000002,77.05556962025317,0,0,94.52,237,64,15,0.270042194092827
2015-10-27,0.7848101265822784,186.0,90.46650537634409,16826.77,70.99902953586498,0,0,93.18,237,16,69,0.06751054852320675
2015-10-28,0.729957805907173,173.0,92.7079190751445,16038.47,67.67286919831223,0,0,95.49,237,149,34,0.6286919831223629
2015-10-29,0.8481012658227848,201.0,92.79477611940298,18651.75,78.6993670886076,0,0,95.58,237,64,3,0.270042194092827
2015-10-30,0.7468354430379747,177.0,88.51124293785311,15666.49,66.10333333333334,0,0,91.17,237,53,6,0.22362869198312235
2015-10-31,0.4177215189873418,99.0,83.3079797979798,8247.49,34.7995358649789,1,0,85.81,237,16,1,0.06751054852320675
2015-11-01,0.39662447257383965,94.0,77.58106382978723,7292.62,30.77054852320675,1,0,79.91,237,2,0,0.008438818565400843
2015-11-02,0.2869198312236287,68.0,79.08588235294118,5377.84,22.691308016877638,0,0,81.46,237,243,14,1.0253164556962024
2015-11-03,0.3037974683544304,72.0,77.97361111111111,5614.1,23.68818565400844,0,0,80.31,237,92,25,0.3881856540084388
2015-11-04,0.33755274261603374,80.0,82.25,6580.0,27.763713080168777,0,0,84.72,237,566,44,2.388185654008439
2015-11-05,0.3755274261603376,89.0,78.57516853932584,6993.19,29.50713080168776,0,0,80.93,237,89,10,0.3755274261603376
2015-11-06,0.47257383966244726,112.0,77.90205357142858,8725.03,36.814472573839666,0,0,80.24,237,153,58,0.6455696202531646
2015-11-07,0.41350210970464135,98.0,72.18275510204082,7073.91,29.847721518987342,1,0,74.35,237,185,6,0.7805907172995781
2015-11-08,0.379746835443038,90.0,68.75688888888888,6188.12,26.110210970464134,1,0,70.82,237,0,0,0.0
2015-11-09,0.23628691983122363,56.0,74.17053571428572,4153.55,17.525527426160338,0,0,76.4,237,72,15,0.3037974683544304
2015-11-10,0.2489451476793249,59.0,69.15440677966102,4080.11,17.21565400843882,0,0,71.23,237,35,3,0.14767932489451477
2015-11-11,0.29535864978902954,70.0,75.35914285714286,5275.14,22.257974683544305,0,0,77.62,237,63,118,0.26582278481012656
2015-11-12,0.2742616033755274,65.0,73.31153846153846,4765.25,20.106540084388186,0,0,75.51,237,209,17,0.8818565400843882
2015-11-13,0.24472573839662448,58.0,72.76327586206898,4220.27,17.80704641350211,0,0,74.95,237,108,10,0.45569620253164556
2015-11-14,0.24472573839662448,58.0,74.7896551724138,4337.8,18.302953586497893,1,0,77.03,237,6,24,0.02531645569620253
2015-11-15,0.1940928270042194,46.0,71.70239130434783,3298.31,13.916919831223629,1,0,73.85,237,1,0,0.004219409282700422
2015-11-16,0.17721518987341772,42.0,66.89023809523809,2809.39,11.853966244725738,0,0,68.9,237,76,71,0.3206751054852321
2015-11-17,0.2489451476793249,59.0,68.03881355932204,4014.29,16.937932489451477,0,0,70.08,237,46,152,0.1940928270042194
2015-11-18,0.5316455696202531,126.0,69.65730158730159,8776.82,37.03299578059072,0,0,71.75,237,47,15,0.19831223628691982
2015-11-19,0.5358649789029536,127.0,70.08716535433071,8901.07,37.557257383966245,0,0,72.19,237,112,18,0.47257383966244726
2015-11-20,0.8059071729957806,191.0,70.57141361256544,13479.14,56.874008438818564,0,0,72.69,237,51,4,0.21518987341772153
2015-11-21,0.5274261603375527,125.0,71.79552000000001,8974.44,37.86683544303798,1,0,73.95,237,22,6,0.09282700421940929
2015-11-22,0.18565400843881857,44.0,74.66272727272727,3285.16,13.861434599156118,1,0,76.9,237,4,1,0.016877637130801686
2015-11-23,0.620253164556962,147.0,71.54952380952382,10517.78,44.37881856540085,0,0,73.7,237,51,66,0.21518987341772153
2015-11-24,0.70042194092827,166.0,71.72825301204819,11906.89,50.24004219409282,0,0,73.88,237,56,8,0.23628691983122363
2015-11-25,0.70042194092827,166.0,73.00331325301204,12118.55,51.133122362869194,0,0,75.19,237,59,8,0.2489451476793249
2015-11-26,0.4641350210970464,110.0,73.82618181818182,8120.88,34.2653164556962,0,0,76.04,237,105,13,0.4430379746835443
2015-11-27,0.4345991561181435,103.0,67.77912621359224,6981.25,29.456751054852322,0,0,69.81,237,85,4,0.35864978902953587
2015-11-28,0.41350210970464135,98.0,66.63795918367347,6530.52,27.55493670886076,1,0,68.64,237,25,6,0.10548523206751055
2015-11-29,0.32489451476793246,77.0,66.48415584415584,5119.28,21.600337552742616,1,0,68.48,237,1,0,0.004219409282700422
2015-11-30,0.12236286919831224,29.0,68.43724137931035,1984.68,8.374177215189874,0,0,70.49,237,164,11,0.6919831223628692
2015-12-01,0.14345991561181434,34.0,70.10794117647059,2383.67,10.057679324894515,0,0,72.21,237,127,4,0.5358649789029536
2015-12-02,0.18565400843881857,44.0,68.78772727272727,3026.66,12.770717299578058,0,0,70.85,237,105,78,0.4430379746835443
2015-12-03,0.19831223628691982,47.0,73.32212765957446,3446.14,14.540675105485231,0,0,75.52,237,91,44,0.38396624472573837
2015-12-04,0.33755274261603374,80.0,82.933,6634.64,27.994261603375527,0,0,85.42,237,80,10,0.33755274261603374
2015-12-05,0.8734177215189873,207.0,79.09787439613527,16373.26,69.08548523206751,1,0,81.47,237,92,4,0.3881856540084388
2015-12-06,0.8945147679324894,212.0,80.91745283018868,17154.5,72.38185654008439,1,0,83.34,237,34,1,0.14345991561181434
2015-12-07,0.7552742616033755,179.0,76.88854748603352,13763.05,58.07194092827004,0,0,79.2,237,93,7,0.3924050632911392
2015-12-08,0.2320675105485232,55.0,79.56709090909091,4376.19,18.46493670886076,0,0,81.95,237,33,3,0.13924050632911392
2015-12-09,0.2320675105485232,55.0,68.89272727272727,3789.1,15.987763713080168,0,0,70.96,237,221,78,0.9324894514767933
2015-12-10,0.38396624472573837,91.0,50.09725274725275,4558.85,19.23565400843882,0,0,51.6,237,249,8,1.0506329113924051
2015-12-11,0.3924050632911392,93.0,47.39290322580645,4407.54,18.597215189873417,0,0,48.81,237,181,8,0.7637130801687764
2015-12-12,0.2320675105485232,55.0,68.72618181818181,3779.94,15.949113924050634,1,0,70.79,237,32,5,0.1350210970464135
2015-12-13,0.12658227848101267,30.0,72.7,2181.0,9.20253164556962,1,0,74.88,237,40,9,0.16877637130801687
2015-12-14,0.11392405063291139,27.0,73.08,1973.16,8.325569620253164,0,0,75.27,237,113,71,0.4767932489451477
2015-12-15,0.08860759493670886,21.0,70.82714285714285,1487.37,6.275822784810126,0,0,72.95,237,213,35,0.8987341772151899
2015-12-16,0.12236286919831224,29.0,66.81379310344828,1937.6,8.175527426160338,0,0,68.82,237,44,4,0.18565400843881857
2015-12-17,0.14345991561181434,34.0,68.47176470588235,2328.04,9.82295358649789,0,0,70.53,237,26,22,0.10970464135021098
2015-12-18,0.21518987341772153,51.0,72.07470588235294,3675.81,15.509746835443037,0,0,74.24,237,202,391,0.8523206751054853
2015-12-19,0.17721518987341772,42.0,74.96595238095239,3148.57,13.285105485232068,1,0,77.21,237,57,8,0.24050632911392406
2015-12-20,0.1518987341772152,36.0,77.47916666666667,2789.25,11.768987341772151,1,0,79.8,237,27,5,0.11392405063291139
2015-12-21,0.16455696202531644,39.0,72.88897435897437,2842.67,11.994388185654008,0,0,75.08,237,82,11,0.3459915611814346
2015-12-22,0.14767932489451477,35.0,67.10285714285715,2348.6,9.90970464135021,0,0,69.12,237,44,73,0.18565400843881857
2015-12-23,0.1518987341772152,36.0,67.20138888888889,2419.25,10.207805907172995,0,0,69.22,237,184,65,0.7763713080168776
2015-12-24,0.21518987341772153,51.0,69.53450980392157,3546.2599999999998,14.963122362869198,0,0,71.62,237,37,3,0.15611814345991562
2015-12-25,0.2489451476793249,59.0,69.48983050847457,4099.9,17.299156118143458,0,0,71.57,237,140,9,0.5907172995780591
2015-12-26,0.4177215189873418,99.0,76.29969696969697,7553.67,31.872025316455698,1,0,78.59,237,46,5,0.1940928270042194
2015-12-27,0.5485232067510548,130.0,81.54853846153846,10601.31,44.731265822784806,1,0,83.99,237,58,9,0.24472573839662448
2015-12-28,0.6540084388185654,155.0,86.55651612903226,13416.26,56.60869198312236,0,0,89.15,237,74,15,0.31223628691983124
2015-12-29,0.8312236286919831,197.0,88.69304568527919,17472.53,73.72375527426159,0,0,91.35,237,72,77,0.3037974683544304
2015-12-30,0.8227848101265823,195.0,95.12102564102564,18548.6,78.26413502109705,0,0,97.97,237,58,6,0.24472573839662448
2015-12-31,0.8987341772151899,213.0,98.8368544600939,21052.25,88.82805907172995,0,0,101.8,237,47,6,0.19831223628691982
2016-01-01,0.6919831223628692,164.0,103.59896341463414,16990.23,71.68873417721518,0,0,106.71,237,97,9,0.4092827004219409
2016-01-02,0.7130801687763713,169.0,93.71609467455622,15838.02,66.82708860759494,1,0,96.53,237,174,7,0.7341772151898734
2016-01-03,0.5021097046413502,119.0,89.50672268907563,10651.3,44.942194092827,1,0,92.19,237,161,21,0.679324894514768
2016-01-04,0.5274261603375527,125.0,86.48928,10811.16,45.616708860759495,0,0,89.08,237,541,18,2.282700421940928
2016-01-05,0.25738396624472576,61.0,74.1183606557377,4521.22,19.076877637130803,0,0,76.34,237,175,25,0.7383966244725738
2016-01-06,0.270042194092827,64.0,74.4165625,4762.66,20.09561181434599,0,0,76.65,237,172,181,0.7257383966244726
2016-01-07,0.23628691983122363,56.0,69.03946428571429,3866.21,16.313122362869198,0,0,71.11,237,311,53,1.3122362869198312
2016-01-08,0.19831223628691982,47.0,71.70425531914893,3370.1,14.219831223628692,0,0,73.86,237,100,94,0.4219409282700422
2016-01-09,0.20675105485232068,49.0,73.75163265306122,3613.83,15.248227848101266,1,0,75.96,237,112,26,0.47257383966244726
2016-01-10,0.19831223628691982,47.0,73.89574468085107,3473.1,14.654430379746834,1,0,76.11,237,142,21,0.5991561181434599
2016-01-11,0.1518987341772152,36.0,74.0225,2664.81,11.243924050632911,0,0,76.24,237,107,68,0.45147679324894513
2016-01-12,0.189873417721519,45.0,72.41266666666667,3258.57,13.749240506329114,0,0,74.59,237,114,22,0.4810126582278481
2016-01-13,0.16877637130801687,40.0,73.00750000000001,2920.3,12.321940928270044,0,0,75.2,237,112,29,0.47257383966244726
2016-01-14,0.28270042194092826,67.0,62.51179104477612,4188.29,17.67210970464135,0,0,64.39,237,272,31,1.1476793248945147
2016-01-15,0.3333333333333333,79.0,69.67772151898734,5504.54,23.22590717299578,0,0,71.77,237,120,16,0.5063291139240507
2016-01-16,0.379746835443038,90.0,70.57966666666667,6352.17,26.80240506329114,1,0,72.7,237,204,122,0.8607594936708861
2016-01-17,0.22362869198312235,53.0,76.3866037735849,4048.49,17.08223628691983,1,0,78.68,237,102,16,0.43037974683544306
2016-01-18,0.22362869198312235,53.0,74.94660377358491,3972.17,16.760210970464136,0,0,77.2,237,155,534,0.6540084388185654
2016-01-19,0.5147679324894515,122.0,74.58737704918033,9099.66,38.39518987341772,0,0,76.82,237,138,139,0.5822784810126582
2016-01-20,0.5316455696202531,126.0,73.53452380952382,9265.35,39.094303797468356,0,0,75.74,237,193,26,0.8143459915611815
2016-01-21,0.4177215189873418,99.0,76.50555555555556,7574.05,31.95801687763713,0,0,78.8,237,159,30,0.6708860759493671
2016-01-22,0.3080168776371308,73.0,76.74534246575342,5602.41,23.63886075949367,0,0,79.05,237,209,78,0.8818565400843882
2016-01-23,0.32489451476793246,77.0,78.54844155844155,6048.23,25.519957805907172,1,0,80.9,237,122,14,0.5147679324894515
2016-01-24,0.22784810126582278,54.0,78.22037037037036,4223.9,17.82236286919831,1,0,80.57,237,118,27,0.4978902953586498
2016-01-25,0.3459915611814346,82.0,71.2169512195122,5839.79,24.640464135021098,0,0,73.35,237,186,29,0.7848101265822784
2016-01-26,0.3333333333333333,79.0,74.3793670886076,5875.97,24.793122362869198,0,0,76.61,237,124,51,0.5232067510548524
2016-01-27,0.35443037974683544,84.0,68.9672619047619,5793.25,24.44409282700422,0,0,71.04,237,133,10,0.5611814345991561
2016-01-28,0.34177215189873417,81.0,83.10777777777777,6731.73,28.40392405063291,0,0,85.6,237,124,94,0.5232067510548524
2016-01-29,0.32489451476793246,77.0,82.62961038961038,6362.48,26.84590717299578,0,0,85.11,237,117,32,0.4936708860759494
2016-01-30,0.34177215189873417,81.0,79.63679012345679,6450.58,27.217637130801688,1,0,82.03,237,107,20,0.45147679324894513
2016-01-31,0.25316455696202533,60.0,79.67683333333333,4780.61,20.171350210970463,1,0,82.07,237,116,17,0.48945147679324896
2016-02-01,0.23628691983122363,56.0,77.23446428571428,4325.13,18.249493670886075,0,0,79.55,237,209,211,0.8818565400843882
2016-02-02,0.20675105485232068,49.0,73.4195918367347,3597.56,15.17957805907173,0,0,75.62,237,144,31,0.6075949367088608
2016-02-03,0.29535864978902954,70.0,74.93471428571429,5245.43,22.132616033755276,0,0,77.18,237,194,71,0.8185654008438819
2016-02-04,0.33755274261603374,80.0,77.811625,6224.93,26.26552742616034,0,0,80.15,237,351,52,1.481012658227848
2016-02-05,0.459915611814346,109.0,81.1602752293578,8846.47,37.3268776371308,0,0,83.6,237,159,35,0.6708860759493671
2016-02-06,0.7172995780590717,170.0,78.62141176470588,13365.64,56.395105485232065,1,0,80.98,237,82,20,0.3459915611814346
2016-02-07,0.6835443037974683,162.0,76.00623456790123,12313.01,51.95362869198312,1,0,78.29,237,130,20,0.5485232067510548
2016-02-08,0.729957805907173,173.0,78.33838150289017,13552.54,57.18371308016878,0,0,80.69,237,211,41,0.890295358649789
2016-02-09,0.6540084388185654,155.0,74.38722580645161,11530.02,48.64987341772152,0,0,76.62,237,233,227,0.9831223628691983
2016-02-10,0.4219409282700422,100.0,77.63850000000001,7763.85,32.75886075949367,0,0,79.97,237,202,93,0.8523206751054853
2016-02-11,0.45147679324894513,107.0,80.15915887850468,8577.03,36.190000000000005,0,0,82.56,237,241,26,1.0168776371308017
2016-02-12,0.6244725738396625,148.0,82.16993243243243,12161.15,51.312869198312235,0,0,84.64,237,160,37,0.6751054852320675
2016-02-13,0.8227848101265823,195.0,83.66425641025641,16314.53,68.83767932489452,1,0,86.17,237,123,39,0.5189873417721519
2016-02-14,0.5907172995780591,140.0,84.8715,11882.01,50.13506329113924,1,0,87.42,237,133,49,0.5611814345991561
2016-02-15,0.5189873417721519,123.0,82.85162601626017,10190.75,42.99894514767932,0,0,85.34,237,150,22,0.6329113924050633
2016-02-16,0.5232067510548524,124.0,81.68443548387097,10128.87,42.737848101265826,0,0,84.13,237,125,42,0.5274261603375527
2016-02-17,0.45147679324894513,107.0,80.40682242990655,8603.53,36.301814345991566,0,0,82.82,237,110,42,0.4641350210970464
2016-02-18,0.48523206751054854,115.0,85.05034782608695,9780.789999999999,41.26915611814346,0,0,87.6,237,97,36,0.4092827004219409
2016-02-19,0.8607594936708861,204.0,84.27985294117647,17193.09,72.5446835443038,0,0,86.81,237,115,26,0.48523206751054854
2016-02-20,0.6371308016877637,151.0,84.33324503311258,12734.32,53.731308016877634,1,0,86.86,237,110,39,0.4641350210970464
2016-02-21,0.4810126582278481,114.0,80.73877192982455,9204.22,38.83637130801687,1,0,83.16,237,148,17,0.6244725738396625
2016-02-22,0.5147679324894515,122.0,83.47500000000001,10183.95,42.970253164556965,0,0,85.98,237,127,42,0.5358649789029536
2016-02-23,0.540084388185654,128.0,84.907734375,10868.19,45.8573417721519,0,0,87.45,237,114,103,0.4810126582278481
2016-02-24,0.569620253164557,135.0,87.86851851851851,11862.25,50.05168776371308,0,0,90.5,237,427,36,1.8016877637130801
2016-02-25,0.5443037974683544,129.0,89.26868217054263,11515.66,48.58928270042194,0,0,91.95,237,132,100,0.5569620253164557
2016-02-26,0.5864978902953587,139.0,84.40719424460431,11732.6,49.504641350210974,0,0,86.94,237,153,43,0.6455696202531646
2016-02-27,0.7088607594936709,168.0,85.6364880952381,14386.93,60.70434599156118,1,0,88.21,237,148,102,0.6244725738396625
2016-02-28,0.5738396624472574,136.0,85.53808823529413,11633.18,49.0851476793249,1,0,88.1,237,102,76,0.43037974683544306
2016-02-29,0.5485232067510548,130.0,83.86869230769231,10902.93,46.00392405063291,0,0,86.38,237,166,50,0.70042194092827
2016-03-01,0.7130801687763713,169.0,79.54615384615384,13443.3,56.722784810126576,0,0,81.93,237,153,77,0.6455696202531646
2016-03-02,0.7552742616033755,179.0,78.51122905027933,14053.51,59.297510548523206,0,0,80.87,237,144,57,0.6075949367088608
2016-03-03,0.6666666666666666,158.0,81.51987341772151,12880.14,54.34658227848101,0,0,83.97,237,107,24,0.45147679324894513
2016-03-04,0.7172995780590717,170.0,85.44941176470589,14526.4,61.292827004219404,0,0,88.01,237,64,41,0.270042194092827
2016-03-05,0.8185654008438819,194.0,83.39201030927835,16178.05,68.26181434599155,1,0,85.89,237,70,31,0.29535864978902954
2016-03-06,0.6497890295358649,154.0,78.94772727272728,12157.95,51.299367088607596,1,0,81.32,237,66,24,0.27848101265822783
2016-03-07,0.6962025316455697,165.0,81.07945454545455,13378.11,56.44772151898734,0,0,83.51,237,145,41,0.6118143459915611
2016-03-08,0.7172995780590717,170.0,80.64829411764705,13710.21,57.84898734177215,0,0,83.07,237,83,30,0.350210970464135
2016-03-09,0.7679324894514767,182.0,78.93126373626373,14365.49,60.61388185654008,0,0,81.3,237,138,74,0.5822784810126582
2016-03-10,0.7805907172995781,185.0,81.11691891891891,15006.63,63.319113924050626,0,0,83.55,237,63,18,0.26582278481012656
2016-03-11,0.8312236286919831,197.0,80.50395939086295,15859.28,66.91679324894515,0,0,82.92,237,54,27,0.22784810126582278
2016-03-12,0.8185654008438819,194.0,79.49144329896907,15421.34,65.06894514767933,1,0,81.88,237,74,26,0.31223628691983124
2016-03-13,0.8143459915611815,193.0,77.68720207253885,14993.63,63.26426160337552,1,0,80.02,237,93,18,0.3924050632911392
2016-03-14,0.7341772151898734,174.0,78.68011494252873,13690.34,57.7651476793249,0,0,81.04,237,183,145,0.7721518987341772
2016-03-15,0.7637130801687764,181.0,78.85149171270719,14272.12,60.21991561181435,0,0,81.22,237,98,247,0.41350210970464135
2016-03-16,0.7341772151898734,174.0,77.55390804597701,13494.38,56.93831223628692,0,0,79.88,237,120,56,0.5063291139240507
2016-03-17,0.7552742616033755,179.0,81.06150837988827,14510.01,61.22367088607595,0,0,83.49,237,87,22,0.3670886075949367
2016-03-18,0.7637130801687764,181.0,85.85171270718232,15539.16,65.56607594936709,0,0,88.43,237,134,83,0.5654008438818565
2016-03-19,0.7805907172995781,185.0,90.83572972972974,16804.61,70.90552742616033,1,0,93.56,237,109,21,0.459915611814346
2016-03-20,0.8945147679324894,212.0,90.31004716981131,19145.73,80.78367088607595,1,0,93.02,237,144,32,0.6075949367088608
2016-03-21,0.9029535864978903,214.0,91.44766355140186,19569.8,82.57299578059072,0,0,94.19,237,128,70,0.540084388185654
2016-03-22,0.8059071729957806,191.0,93.18397905759161,17798.14,75.09763713080169,0,0,95.98,237,76,35,0.3206751054852321
2016-03-23,0.8227848101265823,195.0,95.39384615384616,18601.8,78.48860759493671,0,0,98.26,237,94,49,0.39662447257383965
2016-03-24,0.9409282700421941,223.0,103.40237668161434,23058.73,97.2942194092827,0,0,106.5,237,96,25,0.4050632911392405
2016-03-25,0.9240506329113924,219.0,102.57666666666667,22464.29,94.78603375527426,0,0,105.65,237,165,34,0.6962025316455697
2016-03-26,0.8481012658227848,201.0,103.52796019900497,20809.12,87.802194092827,1,0,106.63,237,350,18,1.4767932489451476
2016-03-27,0.7341772151898734,174.0,97.50683908045976,16966.19,71.58729957805906,1,0,100.43,237,77,27,0.32489451476793246
2016-03-28,0.7046413502109705,167.0,97.16730538922155,16226.94,68.46810126582278,0,0,100.08,237,172,48,0.7257383966244726
2016-03-29,0.759493670886076,180.0,93.76566666666666,16877.82,71.21443037974683,0,0,96.58,237,88,55,0.37130801687763715
2016-03-30,0.7763713080168776,184.0,92.17434782608697,16960.08,71.56151898734178,0,0,94.94,237,104,35,0.4388185654008439
2016-03-31,0.8607594936708861,204.0,90.93583333333333,18550.91,78.27388185654009,0,0,93.66,237,76,52,0.3206751054852321
2016-04-01,0.869198312236287,206.0,90.17461165048545,18575.97,78.37962025316456,0,0,92.88,237,90,34,0.379746835443038
2016-04-02,0.7974683544303798,189.0,88.95206349206349,16811.94,70.93645569620253,1,0,91.62,237,73,25,0.3080168776371308
2016-04-03,0.6413502109704642,152.0,92.31828947368422,14032.380000000001,59.20835443037975,1,0,95.09,237,110,32,0.4641350210970464
2016-04-04,0.7341772151898734,174.0,91.59764367816092,15937.99,67.2489029535865,0,0,94.35,237,358,224,1.510548523206751
2016-04-05,0.7552742616033755,179.0,90.33921787709497,16170.72,68.23088607594937,0,0,93.05,237,89,27,0.3755274261603376
2016-04-06,0.9113924050632911,216.0,95.29967592592592,20584.73,86.85540084388185,0,0,98.16,237,117,36,0.4936708860759494
2016-04-07,0.679324894514768,161.0,96.86906832298136,15595.92,65.80556962025317,0,0,99.78,237,66,25,0.27848101265822783
2016-04-08,0.7172995780590717,170.0,97.47770588235294,16571.21,69.92071729957806,0,0,100.4,237,73,28,0.3080168776371308
2016-04-09,0.8270042194092827,196.0,91.7608163265306,17985.12,75.88658227848101,1,0,94.51,237,77,24,0.32489451476793246
2016-04-10,0.7848101265822784,186.0,91.84225806451613,17082.66,72.0787341772152,1,0,94.6,237,74,33,0.31223628691983124
2016-04-11,0.810126582278481,192.0,101.49088541666667,19486.25,82.2204641350211,0,0,104.54,237,110,76,0.4641350210970464
2016-04-12,0.8354430379746836,198.0,99.8539393939394,19771.08,83.42227848101267,0,0,102.85,237,144,43,0.6075949367088608
2016-04-13,0.9367088607594937,222.0,102.80788288288288,22823.35,96.30105485232068,0,0,105.89,237,282,50,1.1898734177215189
2016-04-14,0.7426160337552743,176.0,102.5053409090909,18040.94,76.12210970464135,0,0,105.58,237,125,21,0.5274261603375527
2016-04-15,0.759493670886076,180.0,103.8662222222222,18695.92,78.88573839662446,0,0,106.98,237,109,30,0.459915611814346
2016-04-16,0.8354430379746836,198.0,102.75409090909092,20345.31,85.84518987341772,1,0,105.84,237,90,24,0.379746835443038
2016-04-17,0.7848101265822784,186.0,101.17580645161291,18818.7,79.40379746835444,1,0,104.21,237,327,144,1.379746835443038
2016-04-18,0.8523206751054853,202.0,95.82965346534654,19357.59,81.67759493670886,0,0,98.7,237,111,30,0.46835443037974683
2016-04-19,0.7721518987341772,183.0,94.34109289617486,17264.42,72.84565400843881,0,0,97.17,237,88,31,0.37130801687763715
2016-04-20,0.9240506329113924,219.0,93.66237442922375,20512.06,86.54877637130802,0,0,96.47,237,178,28,0.7510548523206751
2016-04-21,0.9240506329113924,219.0,100.61182648401827,22033.99,92.97042194092828,0,0,103.63,237,105,26,0.4430379746835443
2016-04-22,0.8270042194092827,196.0,101.33857142857143,19862.36,83.80742616033756,0,0,104.38,237,108,22,0.45569620253164556
2016-04-23,0.9324894514767933,221.0,101.51239819004526,22434.24,94.65924050632913,1,0,104.56,237,57,37,0.24050632911392406
2016-04-24,0.7848101265822784,186.0,101.75381720430107,18926.21,79.85742616033755,1,0,104.81,237,83,27,0.350210970464135
2016-04-25,0.7805907172995781,185.0,99.75486486486487,18454.65,77.86772151898735,0,0,102.75,237,65,37,0.2742616033755274
2016-04-26,0.8776371308016878,208.0,99.06442307692308,20605.4,86.94261603375529,0,0,102.04,237,70,21,0.29535864978902954
2016-04-27,0.8227848101265823,195.0,102.35805128205128,19959.82,84.21864978902954,0,0,105.43,237,56,166,0.23628691983122363
2016-04-28,0.8818565400843882,209.0,102.9255023923445,21511.43,90.76552742616033,0,0,106.01,237,85,42,0.35864978902953587
2016-04-29,0.890295358649789,211.0,105.56255924170617,22273.7,93.9818565400844,0,0,108.73,237,66,21,0.27848101265822783
2016-04-30,0.9029535864978903,214.0,110.00051401869159,23540.11,99.32535864978904,1,0,113.3,237,37,21,0.15611814345991562
2016-05-01,0.7257383966244726,172.0,112.13593023255815,19287.38,81.38135021097047,1,0,115.5,237,71,18,0.29957805907172996
2016-05-02,0.8818565400843882,209.0,106.59535885167465,22278.43,94.00181434599156,0,0,109.79,237,114,48,0.4810126582278481
2016-05-03,0.8523206751054853,202.0,105.07361386138614,21224.87,89.5564135021097,0,0,108.23,237,104,76,0.4388185654008439
2016-05-04,0.8523206751054853,202.0,102.52499999999999,20710.05,87.38417721518987,0,0,105.6,237,52,72,0.21940928270042195
2016-05-05,0.9409282700421941,223.0,103.06493273542601,22983.48,96.97670886075949,0,0,106.16,237,130,92,0.5485232067510548
2016-05-06,0.9451476793248945,224.0,105.47848214285715,23627.18,99.69274261603375,0,0,108.64,237,63,46,0.26582278481012656
2016-05-07,0.9367088607594937,222.0,110.59328828828828,24551.71,103.59371308016877,1,0,113.91,237,31,9,0.1308016877637131
2016-05-08,0.5949367088607594,141.0,109.01872340425531,15371.64,64.85924050632912,1,0,112.29,237,42,14,0.17721518987341772
2016-05-09,0.7510548523206751,178.0,104.80230337078652,18654.81,78.71227848101266,0,0,107.95,237,98,35,0.41350210970464135
2016-05-10,0.8270042194092827,196.0,106.70367346938775,20913.92,88.244388185654,0,0,109.9,237,96,68,0.4050632911392405
2016-05-11,0.8818565400843882,209.0,110.41507177033493,23076.75,97.37025316455696,0,0,113.73,237,69,28,0.2911392405063291
2016-05-12,0.890295358649789,211.0,115.86085308056872,24446.64,103.15037974683544,0,0,119.34,237,52,21,0.21940928270042195
2016-05-13,0.9029535864978903,214.0,115.48341121495328,24713.45,104.27616033755274,0,0,118.95,237,168,26,0.7088607594936709
2016-05-14,0.919831223628692,218.0,112.26513761467889,24473.8,103.26497890295359,1,0,115.63,237,52,24,0.21940928270042195
2016-05-15,0.9409282700421941,223.0,108.30165919282511,24151.27,101.90409282700422,1,0,111.55,237,55,17,0.2320675105485232
2016-05-16,0.8945147679324894,212.0,110.07160377358491,23335.18,98.46067510548524,0,0,113.37,237,95,30,0.4008438818565401
2016-05-17,0.9451476793248945,224.0,113.13642857142858,25342.56,106.93063291139241,0,0,116.53,237,180,34,0.759493670886076
2016-05-18,0.9240506329113924,219.0,113.39908675799087,24834.4,104.78649789029537,0,0,116.8,237,101,43,0.42616033755274263
2016-05-19,0.9282700421940928,220.0,111.51781818181817,24533.92,103.51864978902952,0,0,114.86,237,196,19,0.8270042194092827
2016-05-20,0.890295358649789,211.0,102.009336492891,21523.97,90.81843881856541,0,0,105.07,237,83,29,0.350210970464135
2016-05-21,0.9367088607594937,222.0,108.41297297297298,24067.68,101.5513924050633,1,0,111.67,237,73,13,0.3080168776371308
2016-05-22,0.8649789029535865,205.0,112.61717073170732,23086.52,97.41147679324895,1,0,116.0,237,91,27,0.38396624472573837
2016-05-23,0.7932489451476793,188.0,114.5193085106383,21529.63,90.84232067510548,0,0,117.95,237,110,51,0.4641350210970464
2016-05-24,0.7805907172995781,185.0,112.74270270270272,20857.4,88.00590717299579,0,0,116.12,237,85,43,0.35864978902953587
2016-05-25,0.6835443037974683,162.0,113.72518518518518,18423.48,77.73620253164557,0,0,117.14,237,453,31,1.9113924050632911
2016-05-26,0.8818565400843882,209.0,117.6800956937799,24595.14,103.77696202531645,0,0,121.21,237,70,16,0.29535864978902954
2016-05-27,0.9367088607594937,222.0,115.7354054054054,25693.26,108.41037974683543,0,0,119.21,237,60,40,0.25316455696202533
2016-05-28,0.9409282700421941,223.0,119.74017937219732,26702.06,112.66691983122364,1,0,123.33,237,24,13,0.10126582278481013
2016-05-29,0.6160337552742616,146.0,110.85780821917808,16185.24,68.29215189873418,1,0,114.18,237,36,14,0.1518987341772152
2016-05-30,0.7468354430379747,177.0,106.80451977401131,18904.4,79.76540084388186,0,0,110.01,237,62,38,0.2616033755274262
2016-05-31,0.8059071729957806,191.0,108.31068062827225,20687.34,87.28835443037974,0,0,111.56,237,47,31,0.19831223628691982
2016-06-01,0.8016877637130801,190.0,109.86163157894737,20873.71,88.07472573839662,0,0,113.16,237,79,14,0.3333333333333333
2016-06-02,0.919831223628692,218.0,111.55550458715595,24319.1,102.61223628691982,0,0,114.9,237,70,137,0.29535864978902954
2016-06-03,0.9240506329113924,219.0,115.95894977168949,25395.01,107.15194092827004,0,0,119.44,237,77,19,0.32489451476793246
2016-06-04,0.869198312236287,206.0,111.11567961165049,22889.83,96.58156118143461,1,0,114.45,237,32,13,0.1350210970464135
2016-06-05,0.6540084388185654,155.0,101.18929032258065,15684.34,66.17864978902954,1,0,104.22,237,60,29,0.25316455696202533
2016-06-06,0.9282700421940928,220.0,103.43809090909092,22756.38,96.01848101265823,0,0,106.54,237,92,18,0.3881856540084388
2016-06-07,0.9071729957805907,215.0,108.60716279069767,23350.54,98.52548523206751,0,0,111.87,237,83,28,0.350210970464135
2016-06-08,0.7510548523206751,178.0,110.10033707865169,19597.86,82.6913924050633,0,0,113.4,237,64,27,0.270042194092827
2016-06-09,0.6962025316455697,165.0,110.03957575757575,18156.53,76.60983122362869,0,0,113.34,237,72,27,0.3037974683544304
2016-06-10,0.8818565400843882,209.0,109.70124401913876,22927.56,96.7407594936709,0,0,112.99,237,37,21,0.15611814345991562
2016-06-11,0.9156118143459916,217.0,110.79820276497695,24043.21,101.44814345991561,1,0,114.12,237,34,11,0.14345991561181434
2016-06-12,0.729957805907173,173.0,107.84670520231214,18657.48,78.72354430379747,1,0,111.08,237,72,24,0.3037974683544304
2016-06-13,0.5780590717299579,137.0,110.18649635036496,15095.55,63.69430379746835,0,0,113.49,237,48,36,0.20253164556962025
2016-06-14,0.6455696202531646,153.0,107.08326797385621,16383.74,69.12970464135022,0,0,110.3,237,72,44,0.3037974683544304
2016-06-15,0.7974683544303798,189.0,110.44402116402115,20873.92,88.07561181434599,0,0,113.76,237,73,38,0.3080168776371308
2016-06-16,0.9156118143459916,217.0,113.65907834101382,24664.02,104.06759493670886,0,0,117.07,237,96,42,0.4050632911392405
2016-06-17,0.8354430379746836,198.0,108.27606060606061,21438.66,90.45848101265823,0,0,111.52,237,103,22,0.4345991561181435
2016-06-18,0.9029535864978903,214.0,107.63822429906541,23034.579999999998,97.19232067510548,1,0,110.87,237,33,8,0.13924050632911392
2016-06-19,0.8776371308016878,208.0,109.08173076923077,22689.0,95.73417721518987,1,0,112.35,237,39,31,0.16455696202531644
2016-06-20,0.8565400843881856,203.0,111.72620689655173,22680.420000000002,95.69797468354432,0,0,115.08,237,150,101,0.6329113924050633
2016-06-21,0.869198312236287,206.0,108.0192718446602,22251.97,93.89016877637131,0,0,111.26,237,79,18,0.3333333333333333
2016-06-22,0.810126582278481,192.0,105.19265625000001,20196.99,85.2193670886076,0,0,108.35,237,67,19,0.28270042194092826
2016-06-23,0.6160337552742616,146.0,101.08383561643835,14758.24,62.271054852320674,0,0,104.12,237,56,12,0.23628691983122363
2016-06-24,0.9367088607594937,222.0,95.43265765765766,21186.05,89.39261603375527,0,0,98.3,237,46,15,0.1940928270042194
2016-06-25,0.9451476793248945,224.0,95.65169642857143,21425.98,90.40497890295359,1,0,98.52,237,65,10,0.2742616033755274
2016-06-26,0.679324894514768,161.0,100.737950310559,16218.81,68.43379746835443,1,0,103.76,237,44,33,0.18565400843881857
2016-06-27,0.7763713080168776,184.0,108.02739130434783,19877.04,83.8693670886076,0,0,111.27,237,64,22,0.270042194092827
2016-06-28,0.8607594936708861,204.0,111.79779411764706,22806.75,96.23101265822785,0,0,115.15,237,76,55,0.3206751054852321
2016-06-29,0.8481012658227848,201.0,110.73074626865672,22256.88,93.91088607594938,0,0,114.05,237,92,28,0.3881856540084388
2016-06-30,0.8818565400843882,209.0,112.88172248803828,23592.28,99.5454852320675,0,0,116.27,237,38,18,0.16033755274261605
2016-07-01,0.8860759493670886,210.0,114.22271428571429,23986.77,101.21000000000001,0,0,117.65,237,68,24,0.2869198312236287
2016-07-02,0.7890295358649789,187.0,112.73893048128342,21082.18,88.95434599156118,1,0,116.12,237,51,16,0.21518987341772153
2016-07-03,0.8185654008438819,194.0,113.85407216494845,22087.69,93.19700421940928,1,0,117.27,237,74,22,0.31223628691983124
2016-07-04,0.8776371308016878,208.0,113.72778846153847,23655.38,99.81172995780591,0,0,117.14,237,102,27,0.43037974683544306
2016-07-05,0.9071729957805907,215.0,113.9439534883721,24497.95,103.3668776371308,0,0,117.36,237,78,29,0.3291139240506329
2016-07-06,0.9409282700421941,223.0,114.7119730941704,25580.77,107.93573839662447,0,0,118.15,237,83,30,0.350210970464135
2016-07-07,0.9156118143459916,217.0,112.58115207373272,24430.11,103.08063291139241,0,0,115.96,237,85,48,0.35864978902953587
2016-07-08,0.9240506329113924,219.0,114.29904109589042,25031.49,105.61810126582279,0,0,117.73,237,89,41,0.3755274261603376
2016-07-09,0.8987341772151899,213.0,114.18140845070423,24320.64,102.61873417721519,1,0,117.61,237,54,28,0.22784810126582278
2016-07-10,0.9156118143459916,217.0,111.32290322580646,24157.07,101.92856540084388,1,0,114.66,237,64,21,0.270042194092827
2016-07-11,0.9324894514767933,221.0,113.70615384615385,25129.06,106.02978902953588,0,0,117.12,237,102,25,0.43037974683544306
2016-07-12,0.9113924050632911,216.0,115.2152314814815,24886.49,105.00628691983123,0,0,118.67,237,76,34,0.3206751054852321
2016-07-13,0.9451476793248945,224.0,114.81450892857143,25718.45,108.51666666666667,0,0,118.26,237,77,125,0.32489451476793246
2016-07-14,0.9367088607594937,222.0,113.80351351351352,25264.38,106.60075949367089,0,0,117.22,237,107,29,0.45147679324894513
2016-07-15,0.9367088607594937,222.0,113.54693693693693,25207.42,106.36042194092826,0,0,116.95,237,51,24,0.21518987341772153
2016-07-16,0.9367088607594937,222.0,113.51608108108108,25200.57,106.33151898734177,1,0,116.92,237,41,27,0.1729957805907173
2016-07-17,0.8649789029535865,205.0,114.57887804878048,23488.67,99.1083122362869,1,0,118.02,237,53,19,0.22362869198312235
2016-07-18,0.9071729957805907,215.0,111.68474418604652,24012.22,101.31738396624473,0,0,115.04,237,69,36,0.2911392405063291
2016-07-19,0.8987341772151899,213.0,112.73126760563379,24011.76,101.31544303797467,0,0,116.11,237,65,45,0.2742616033755274
2016-07-20,0.8523206751054853,202.0,114.73336633663367,23176.14,97.78962025316456,0,0,118.18,237,53,26,0.22362869198312235
2016-07-21,0.9367088607594937,222.0,114.45045045045045,25408.0,107.20675105485232,0,0,117.88,237,51,20,0.21518987341772153
2016-07-22,0.9156118143459916,217.0,105.76612903225806,22951.25,96.84071729957806,0,0,108.94,237,55,17,0.2320675105485232
2016-07-23,0.9029535864978903,214.0,107.85948598130841,23081.93,97.39210970464136,1,0,111.1,237,32,11,0.1350210970464135
2016-07-24,0.8438818565400844,200.0,112.23315000000001,22446.63,94.71151898734178,1,0,115.6,237,64,25,0.270042194092827
2016-07-25,0.9029535864978903,214.0,110.77205607476635,23705.22,100.0220253164557,0,0,114.1,237,65,25,0.2742616033755274
2016-07-26,0.9324894514767933,221.0,111.56117647058824,24655.02,104.02962025316455,0,0,114.91,237,74,24,0.31223628691983124
2016-07-27,0.9156118143459916,217.0,114.87594470046083,24928.08,105.18177215189874,0,0,118.32,237,65,28,0.2742616033755274
2016-07-28,0.8945147679324894,212.0,110.84033018867925,23498.15,99.14831223628693,0,0,114.17,237,90,45,0.379746835443038
2016-07-29,0.8396624472573839,199.0,112.22989949748744,22333.75,94.23523206751055,0,0,115.6,237,74,29,0.31223628691983124
2016-07-30,0.9113924050632911,216.0,110.74203703703704,23920.28,100.92945147679325,1,0,114.06,237,60,15,0.25316455696202533
2016-07-31,0.890295358649789,211.0,109.40957345971563,23085.42,97.40683544303796,1,0,112.69,237,68,27,0.2869198312236287
2016-08-01,0.810126582278481,192.0,116.0809375,22287.54,94.04025316455697,0,0,119.56,237,105,26,0.4430379746835443
2016-08-02,0.919831223628692,218.0,117.57105504587156,25630.49,108.14552742616034,0,0,121.1,237,143,44,0.6033755274261603
2016-08-03,0.9240506329113924,219.0,115.61570776255708,25319.84,106.83476793248946,0,0,119.08,237,61,46,0.25738396624472576
2016-08-04,0.9451476793248945,224.0,118.03866071428571,26440.66,111.56396624472573,0,0,121.58,237,150,20,0.6329113924050633
2016-08-05,0.9324894514767933,221.0,117.22194570135747,25906.05,109.30822784810127,0,0,120.74,237,72,19,0.3037974683544304
2016-08-06,0.9451476793248945,224.0,121.44674107142858,27204.07,114.78510548523207,1,0,125.09,237,37,27,0.15611814345991562
2016-08-07,0.919831223628692,218.0,116.84990825688072,25473.28,107.482194092827,1,0,120.36,237,44,11,0.18565400843881857
2016-08-08,0.9282700421940928,220.0,119.6465909090909,26322.25,111.06434599156118,0,0,123.24,237,88,32,0.37130801687763715
2016-08-09,0.9409282700421941,223.0,117.8809865470852,26287.46,110.91755274261602,0,0,121.42,237,84,29,0.35443037974683544
2016-08-10,0.9409282700421941,223.0,120.98322869955156,26979.26,113.83654008438818,0,0,124.61,237,66,34,0.27848101265822783
2016-08-11,0.9451476793248945,224.0,117.4075,26299.28,110.96742616033755,0,0,120.93,237,84,62,0.35443037974683544
2016-08-12,0.9493670886075949,225.0,114.82795555555556,25836.29,109.01388185654008,0,0,118.27,237,75,23,0.31645569620253167
2016-08-13,0.9535864978902954,226.0,125.31725663716814,28321.7,119.50084388185654,1,0,129.08,237,55,18,0.2320675105485232
2016-08-14,0.9493670886075949,225.0,128.5092,28914.57,122.00240506329114,1,0,132.36,237,50,16,0.2109704641350211
2016-08-15,0.8945147679324894,212.0,127.16301886792454,26958.56,113.74919831223629,0,0,130.98,237,59,33,0.2489451476793249
2016-08-16,0.9451476793248945,224.0,128.77937500000002,28846.58,121.71552742616035,0,0,132.64,237,132,37,0.5569620253164557
2016-08-17,0.9493670886075949,225.0,126.4167111111111,28443.76,120.01586497890295,0,0,130.21,237,106,47,0.4472573839662447
2016-08-18,0.9409282700421941,223.0,120.16596412556054,26797.01,113.06755274261603,0,0,123.77,237,79,33,0.3333333333333333
2016-08-19,0.9535864978902954,226.0,123.25203539823008,27854.96,117.53147679324894,0,0,126.95,237,98,38,0.41350210970464135
2016-08-20,0.9029535864978903,214.0,125.49911214953272,26856.81,113.31987341772152,1,0,129.26,237,52,18,0.21940928270042195
2016-08-21,0.9282700421940928,220.0,118.54777272727274,26080.510000000002,110.04434599156119,1,0,122.1,237,53,22,0.22362869198312235
2016-08-22,0.9493670886075949,225.0,115.82813333333334,26061.33,109.963417721519,0,0,119.3,237,118,31,0.4978902953586498
2016-08-23,0.9409282700421941,223.0,118.27946188340808,26376.32,111.2924894514768,0,0,121.83,237,120,46,0.5063291139240507
2016-08-24,0.8818565400843882,209.0,117.89272727272729,24639.58,103.96447257383967,0,0,121.43,237,144,48,0.6075949367088608
2016-08-25,0.9409282700421941,223.0,113.4980269058296,25310.06,106.79350210970465,0,0,116.9,237,76,28,0.3206751054852321
2016-08-26,0.9451476793248945,224.0,113.60066964285714,25446.55,107.36940928270042,0,0,117.01,237,91,23,0.38396624472573837
2016-08-27,0.9324894514767933,221.0,111.25561085972852,24587.49,103.74468354430381,1,0,114.59,237,49,10,0.20675105485232068
2016-08-28,0.9367088607594937,222.0,112.80333333333333,25042.34,105.66388185654009,1,0,116.19,237,58,11,0.24472573839662448
2016-08-29,0.9324894514767933,221.0,110.56076923076924,24433.93,103.09675105485232,0,0,113.88,237,105,49,0.4430379746835443
2016-08-30,0.8649789029535865,205.0,112.41653658536585,23045.39,97.23793248945148,0,0,115.79,237,90,46,0.379746835443038
2016-08-31,0.8860759493670886,210.0,112.38957142857143,23601.81,99.58569620253165,0,0,115.76,237,85,42,0.35864978902953587
2016-09-01,0.9493670886075949,225.0,113.74466666666666,25592.55,107.98544303797468,0,0,117.16,237,107,33,0.45147679324894513
2016-09-02,0.9240506329113924,219.0,116.0995890410959,25425.81,107.28189873417722,0,0,119.58,237,96,60,0.4050632911392405
2016-09-03,0.9156118143459916,217.0,112.7720737327189,24471.54,103.25544303797469,1,0,116.16,237,65,25,0.2742616033755274
2016-09-04,0.8818565400843882,209.0,111.81918660287081,23370.21,98.60848101265823,1,0,115.17,237,97,27,0.4092827004219409
2016-09-05,0.9029535864978903,214.0,111.96471962616823,23960.45,101.09894514767933,0,0,115.32,237,97,31,0.4092827004219409
2016-09-06,0.9535864978902954,226.0,113.72964601769912,25702.9,108.45105485232068,0,0,117.14,237,241,198,1.0168776371308017
2016-09-07,0.9493670886075949,225.0,115.38377777777777,25961.35,109.54156118143459,0,0,118.85,237,88,37,0.37130801687763715
2016-09-08,0.9535864978902954,226.0,121.49429203539823,27457.71,115.8553164556962,0,0,125.14,237,78,25,0.3291139240506329
2016-09-09,0.9240506329113924,219.0,124.50041095890411,27265.59,115.0446835443038,0,0,128.24,237,73,32,0.3080168776371308
2016-09-10,0.9282700421940928,220.0,125.64922727272729,27642.83,116.63641350210972,1,0,129.42,237,52,14,0.21940928270042195
2016-09-11,0.890295358649789,211.0,118.94450236966826,25097.29,105.89573839662448,1,0,122.51,237,56,18,0.23628691983122363
2016-09-12,0.8607594936708861,204.0,117.44191176470589,23958.15,101.08924050632912,0,0,120.97,237,91,37,0.38396624472573837
2016-09-13,0.9493670886075949,225.0,120.05297777777778,27011.920000000002,113.9743459915612,0,0,123.65,237,95,31,0.4008438818565401
2016-09-14,0.9493670886075949,225.0,120.0479111111111,27010.78,113.9695358649789,0,0,123.65,237,95,18,0.4008438818565401
2016-09-15,0.9324894514767933,221.0,132.1737556561086,29210.4,123.25063291139242,0,0,136.14,237,117,61,0.4936708860759494
2016-09-16,0.9451476793248945,224.0,126.37486607142857,28307.97,119.44291139240507,0,0,130.17,237,105,29,0.4430379746835443
2016-09-17,0.9367088607594937,222.0,122.53243243243243,27202.2,114.77721518987342,1,0,126.21,237,46,25,0.1940928270042194
2016-09-18,0.8438818565400844,200.0,116.17205,23234.41,98.03548523206751,1,0,119.66,237,78,18,0.3291139240506329
2016-09-19,0.9451476793248945,224.0,124.48848214285715,27885.420000000002,117.66000000000001,0,0,128.22,237,184,32,0.7763713080168776
2016-09-20,0.9113924050632911,216.0,123.26819444444445,26625.93,112.34569620253164,0,0,126.97,237,117,163,0.4936708860759494
2016-09-21,0.9451476793248945,224.0,113.01147321428572,25314.57,106.81253164556962,0,0,116.4,237,114,27,0.4810126582278481
2016-09-22,0.9535864978902954,226.0,120.93637168141592,27331.62,115.3232911392405,0,0,124.56,237,142,38,0.5991561181434599
2016-09-23,0.9535864978902954,226.0,110.95535398230088,25075.91,105.80552742616034,0,0,114.28,237,119,26,0.5021097046413502
2016-09-24,0.9409282700421941,223.0,117.75982062780268,26260.44,110.80354430379747,1,0,121.29,237,28,8,0.11814345991561181
2016-09-25,0.759493670886076,180.0,121.15144444444444,21807.26,92.0137552742616,1,0,124.79,237,62,24,0.2616033755274262
2016-09-26,0.8734177215189873,207.0,120.11125603864734,24863.03,104.90729957805907,0,0,123.71,237,112,67,0.47257383966244726
2016-09-27,0.9282700421940928,220.0,121.43959090909091,26716.71,112.72873417721519,0,0,125.08,237,87,42,0.3670886075949367
2016-09-28,0.9493670886075949,225.0,115.272,25936.2,109.4354430379747,0,0,118.73,237,100,40,0.4219409282700422
2016-09-29,0.810126582278481,192.0,119.10494791666667,22868.15,96.49008438818566,0,0,122.68,237,85,40,0.35864978902953587
2016-09-30,0.9282700421940928,220.0,115.12486363636364,25327.47,106.86696202531645,0,0,118.58,237,55,22,0.2320675105485232
2016-10-01,0.890295358649789,211.0,114.6227962085308,24185.41,102.04814345991561,1,0,118.06,237,45,19,0.189873417721519
2016-10-02,0.8143459915611815,193.0,114.41865284974092,22082.8,93.17637130801687,1,0,117.85,237,72,16,0.3037974683544304
2016-10-03,0.9282700421940928,220.0,113.0180909090909,24863.98,104.91130801687764,0,0,116.41,237,122,26,0.5147679324894515
2016-10-04,0.8987341772151899,213.0,113.32882629107982,24139.04,101.8524894514768,0,0,116.73,237,75,21,0.31645569620253167
2016-10-05,0.8649789029535865,205.0,118.41736585365854,24275.56,102.42852320675107,0,0,121.97,237,72,17,0.3037974683544304
2016-10-06,0.9451476793248945,224.0,115.52861607142857,25878.41,109.19160337552742,0,0,118.99,237,74,41,0.31223628691983124
2016-10-07,0.8987341772151899,213.0,117.16723004694835,24956.62,105.302194092827,0,0,120.68,237,74,86,0.31223628691983124
2016-10-08,0.9071729957805907,215.0,117.4046046511628,25241.99,106.50628691983123,1,0,120.93,237,66,27,0.27848101265822783
2016-10-09,0.9113924050632911,216.0,111.13851851851851,24005.92,101.2908016877637,1,0,114.47,237,83,33,0.350210970464135
2016-10-10,0.8818565400843882,209.0,112.62665071770336,23538.97,99.32054852320675,0,0,116.01,237,121,56,0.510548523206751
2016-10-11,0.8734177215189873,207.0,116.28,24069.96,101.56101265822784,0,0,119.77,237,108,25,0.45569620253164556
2016-10-12,0.8776371308016878,208.0,113.3673076923077,23580.4,99.49535864978904,0,0,116.77,237,95,29,0.4008438818565401
2016-10-13,0.8945147679324894,212.0,107.99141509433963,22894.18,96.59991561181435,0,0,111.23,237,101,29,0.42616033755274263
2016-10-14,0.9409282700421941,223.0,105.5762331838565,23543.5,99.33966244725738,0,0,108.74,237,203,26,0.8565400843881856
2016-10-15,0.9367088607594937,222.0,109.06324324324325,24212.04,102.16050632911393,1,0,112.34,237,47,19,0.19831223628691982
2016-10-16,0.7172995780590717,170.0,107.8634705882353,18336.79,77.37042194092827,1,0,111.1,237,68,19,0.2869198312236287
2016-10-17,0.8734177215189873,207.0,111.69642512077294,23121.16,97.55763713080168,0,0,115.05,237,102,59,0.43037974683544306
2016-10-18,0.890295358649789,211.0,111.35691943127962,23496.31,99.14054852320676,0,0,114.7,237,105,36,0.4430379746835443
2016-10-19,0.8649789029535865,205.0,113.80951219512195,23330.95,98.44282700421941,0,0,117.22,237,85,22,0.35864978902953587
2016-10-20,0.8607594936708861,204.0,113.81073529411765,23217.39,97.96367088607595,0,0,117.23,237,219,22,0.9240506329113924
2016-10-21,0.8143459915611815,193.0,113.96450777202074,21995.15,92.80654008438819,0,0,117.38,237,105,113,0.4430379746835443
2016-10-22,0.7974683544303798,189.0,112.6200529100529,21285.19,89.81092827004218,1,0,116.0,237,70,29,0.29535864978902954
2016-10-23,0.9156118143459916,217.0,106.75377880184331,23165.57,97.74502109704642,1,0,109.96,237,73,19,0.3080168776371308
2016-10-24,0.9493670886075949,225.0,104.83831111111111,23588.62,99.53004219409283,0,0,107.98,237,182,32,0.7679324894514767
2016-10-25,0.9156118143459916,217.0,103.22345622119816,22399.49,94.51261603375528,0,0,106.32,237,124,31,0.5232067510548524
2016-10-26,0.9451476793248945,224.0,104.56785714285715,23423.2,98.83206751054853,0,0,107.7,237,81,34,0.34177215189873417
2016-10-27,0.9156118143459916,217.0,104.67433179723503,22714.33,95.84105485232068,0,0,107.81,237,65,51,0.2742616033755274
2016-10-28,0.9029535864978903,214.0,107.08429906542057,22916.04,96.69215189873418,0,0,110.3,237,143,55,0.6033755274261603
2016-10-29,0.9029535864978903,214.0,109.3653738317757,23404.19,98.75185654008439,1,0,112.65,237,43,20,0.18143459915611815
2016-10-30,0.919831223628692,218.0,106.78591743119267,23279.33,98.22502109704642,1,0,109.99,237,65,12,0.2742616033755274
2016-10-31,0.9282700421940928,220.0,103.99718181818183,22879.38,96.53746835443039,0,0,107.12,237,87,25,0.3670886075949367
2016-11-01,0.8016877637130801,190.0,97.21410526315789,18470.68,77.93535864978904,0,0,100.13,237,78,27,0.3291139240506329
2016-11-02,0.8860759493670886,210.0,95.63561904761904,20083.48,84.74042194092827,0,0,98.5,237,204,36,0.8607594936708861
2016-11-03,0.8438818565400844,200.0,95.73055000000001,19146.11,80.78527426160338,0,0,98.6,237,91,15,0.38396624472573837
2016-11-04,0.8227848101265823,195.0,98.01507692307692,19112.94,80.6453164556962,0,0,100.96,237,91,24,0.38396624472573837
2016-11-05,0.7805907172995781,185.0,103.78383783783782,19200.01,81.01270042194092,1,0,106.9,237,75,17,0.31645569620253167
2016-11-06,0.6244725738396625,148.0,116.20067567567568,17197.7,72.56413502109704,1,0,119.69,237,51,26,0.21518987341772153
2016-11-07,0.7848101265822784,186.0,142.13290322580644,26436.72,111.54734177215191,0,0,146.4,237,116,43,0.48945147679324896
2016-11-08,0.8354430379746836,198.0,142.96732323232322,28307.53,119.44105485232068,0,0,147.26,237,125,17,0.5274261603375527
2016-11-09,0.7974683544303798,189.0,144.03740740740741,27223.07,114.86527426160337,0,0,148.36,237,121,32,0.510548523206751
2016-11-10,0.70042194092827,166.0,127.3927108433735,21147.19,89.22864978902953,0,0,131.21,237,68,26,0.2869198312236287
2016-11-11,0.8396624472573839,199.0,102.6156783919598,20420.52,86.16253164556962,0,0,105.69,237,51,27,0.21518987341772153
2016-11-12,0.8565400843881856,203.0,98.5367487684729,20002.96,84.40067510548523,1,0,101.49,237,50,13,0.2109704641350211
2016-11-13,0.8143459915611815,193.0,87.58025906735752,16902.99,71.32063291139241,1,0,90.21,237,79,20,0.3333333333333333
2016-11-14,0.8481012658227848,201.0,85.70820895522387,17227.35,72.68924050632911,0,0,88.28,237,89,41,0.3755274261603376
2016-11-15,0.7468354430379747,177.0,85.10853107344633,15064.210000000001,63.56206751054853,0,0,87.66,237,97,44,0.4092827004219409
2016-11-16,0.8396624472573839,199.0,85.64859296482412,17044.07,71.91590717299577,0,0,88.22,237,163,18,0.6877637130801688
2016-11-17,0.7805907172995781,185.0,85.01994594594595,15728.69,66.3657805907173,0,0,87.57,237,78,28,0.3291139240506329
2016-11-18,0.8396624472573839,199.0,87.46472361809045,17405.48,73.44084388185654,0,0,90.09,237,126,39,0.5316455696202531
2016-11-19,0.8396624472573839,199.0,87.39100502512564,17390.81,73.37894514767933,1,0,90.01,237,58,26,0.24472573839662448
2016-11-20,0.6497890295358649,154.0,86.72941558441559,13356.33,56.35582278481013,1,0,89.33,237,102,22,0.43037974683544306
2016-11-21,0.8734177215189873,207.0,81.29183574879227,16827.41,71.0017299578059,0,0,83.73,237,250,184,1.0548523206751055
2016-11-22,0.8523206751054853,202.0,80.2570792079208,16211.93,68.40476793248945,0,0,82.66,237,122,40,0.5147679324894515
2016-11-23,0.6666666666666666,158.0,81.62759493670886,12897.16,54.41839662447257,0,0,84.08,237,107,28,0.45147679324894513
2016-11-24,0.5485232067510548,130.0,83.97253846153846,10916.43,46.06088607594937,0,0,86.49,237,81,54,0.34177215189873417
2016-11-25,0.7679324894514767,182.0,87.16571428571429,15864.16,66.93738396624472,0,0,89.78,237,767,710,3.2362869198312234
2016-11-26,0.6835443037974683,162.0,87.61561728395061,14193.73,59.88915611814346,1,0,90.24,237,74,18,0.31223628691983124
2016-11-27,0.47257383966244726,112.0,85.16223214285715,9538.17,40.24544303797468,1,0,87.72,237,72,20,0.3037974683544304
2016-11-28,0.5569620253164557,132.0,80.93840909090909,10683.87,45.07962025316456,0,0,83.37,237,170,34,0.7172995780590717
2016-11-29,0.5316455696202531,126.0,78.88865079365078,9939.97,41.94080168776371,0,0,81.26,237,66,30,0.27848101265822783
2016-11-30,0.4388185654008439,104.0,83.02951923076922,8635.07,36.43489451476793,0,0,85.52,237,48,26,0.20253164556962025
2016-12-01,0.45569620253164556,108.0,87.01314814814815,9397.42,39.6515611814346,0,0,89.62,237,67,11,0.28270042194092826
2016-12-02,0.5654008438818565,134.0,87.41746268656716,11713.94,49.425907172995785,0,0,90.04,237,151,55,0.6371308016877637
2016-12-03,0.7383966244725738,175.0,89.958,15742.65,66.42468354430379,1,0,92.66,237,61,19,0.25738396624472576
2016-12-04,0.5991561181434599,142.0,89.495,12708.29,53.62147679324895,1,0,92.18,237,79,20,0.3333333333333333
2016-12-05,0.7088607594936709,168.0,87.59994047619048,14716.79,62.096160337552746,0,0,90.23,237,129,36,0.5443037974683544
2016-12-06,0.5358649789029536,127.0,88.11992125984251,11191.23,47.22037974683544,0,0,90.76,237,90,24,0.379746835443038
2016-12-07,0.5611814345991561,133.0,89.44142857142857,11895.710000000001,50.19286919831224,0,0,92.12,237,487,348,2.0548523206751055
2016-12-08,0.7341772151898734,174.0,91.48488505747127,15918.37,67.16611814345993,0,0,94.23,237,64,26,0.270042194092827
2016-12-09,0.7848101265822784,186.0,91.13397849462365,16950.92,71.52286919831224,0,0,93.87,237,247,152,1.0421940928270041
2016-12-10,0.7805907172995781,185.0,90.43243243243244,16730.0,70.59071729957806,1,0,93.15,237,67,15,0.28270042194092826
2016-12-11,0.379746835443038,90.0,90.10544444444444,8109.49,34.21725738396624,1,0,92.81,237,74,18,0.31223628691983124
2016-12-12,0.26582278481012656,63.0,87.3347619047619,5502.09,23.215569620253167,0,0,89.95,237,243,162,1.0253164556962024
2016-12-13,0.2911392405063291,69.0,83.81115942028985,5782.97,24.40071729957806,0,0,86.33,237,303,156,1.2784810126582278
2016-12-14,0.3037974683544304,72.0,83.83847222222222,6036.37,25.469915611814347,0,0,86.35,237,82,27,0.3459915611814346
2016-12-15,0.28270042194092826,67.0,86.89626865671642,5822.05,24.565611814345992,0,0,89.5,237,107,23,0.45147679324894513
2016-12-16,0.37130801687763715,88.0,84.36897727272728,7424.47,31.326877637130803,0,0,86.9,237,128,55,0.540084388185654
2016-12-17,0.35864978902953587,85.0,87.40635294117646,7429.54,31.34827004219409,1,0,90.03,237,46,15,0.1940928270042194
2016-12-18,0.35443037974683544,84.0,87.50166666666667,7350.14,31.01324894514768,1,0,90.13,237,63,21,0.26582278481012656
2016-12-19,0.4177215189873418,99.0,86.87909090909092,8601.03,36.291265822784815,0,0,89.49,237,59,37,0.2489451476793249
2016-12-20,0.4092827004219409,97.0,86.8539175257732,8424.83,35.54780590717299,0,0,89.46,237,149,45,0.6286919831223629
2016-12-21,0.4177215189873418,99.0,90.68272727272728,8977.59,37.88012658227848,0,0,93.4,237,155,108,0.6540084388185654
2016-12-22,0.4219409282700422,100.0,96.25370000000001,9625.37,40.613375527426165,0,0,99.14,237,90,49,0.379746835443038
2016-12-23,0.4641350210970464,110.0,99.73372727272728,10970.710000000001,46.28991561181435,0,0,102.73,237,72,27,0.3037974683544304
2016-12-24,0.540084388185654,128.0,104.189765625,13336.29,56.27126582278481,1,0,107.32,237,48,11,0.20253164556962025
2016-12-25,0.5907172995780591,140.0,102.67428571428572,14374.4,60.651476793248946,1,0,105.75,237,46,10,0.1940928270042194
2016-12-26,0.6244725738396625,148.0,102.49162162162162,15168.76,64.00320675105485,0,0,105.57,237,68,21,0.2869198312236287
2016-12-27,0.9451476793248945,224.0,94.00584821428572,21057.31,88.84940928270042,0,0,96.83,237,96,77,0.4050632911392405
2016-12-28,0.8565400843881856,203.0,103.82266009852216,21076.0,88.92827004219409,0,0,106.94,237,95,36,0.4008438818565401
2016-12-29,0.9029535864978903,214.0,104.75042056074767,22416.59,94.58476793248946,0,0,107.89,237,104,33,0.4388185654008439
2016-12-30,0.9367088607594937,222.0,114.97828828828828,25525.18,107.70118143459916,0,0,118.43,237,65,30,0.2742616033755274
2016-12-31,0.9240506329113924,219.0,117.75707762557077,25788.8,108.81350210970464,1,0,121.29,237,43,12,0.18143459915611815
2017-01-01,0.9282700421940928,220.0,103.36477272727272,22740.25,95.95042194092827,1,0,106.47,237,77,16,0.32489451476793246
2017-01-02,0.7763713080168776,184.0,101.2783695652174,18635.22,78.62962025316456,0,0,104.32,237,128,28,0.540084388185654
2017-01-03,0.7383966244725738,175.0,101.92274285714285,17836.48,75.25940928270042,0,0,104.98,237,194,63,0.8185654008438819
2017-01-04,0.7172995780590717,170.0,97.93694117647058,16649.28,70.25012658227848,0,0,100.88,237,147,35,0.620253164556962
2017-01-05,0.6371308016877637,151.0,95.55556291390728,14428.89,60.88139240506329,0,0,98.42,237,192,46,0.810126582278481
2017-01-06,0.5274261603375527,125.0,94.79952,11849.94,49.99974683544304,0,0,97.64,237,253,86,1.0675105485232068
2017-01-07,0.5147679324894515,122.0,93.1666393442623,11366.33,47.95919831223629,1,0,95.96,237,109,33,0.459915611814346
2017-01-08,0.46835443037974683,111.0,86.42189189189189,9592.83,40.476075949367086,1,0,89.01,237,140,30,0.5907172995780591
2017-01-09,0.4767932489451477,113.0,83.86017699115045,9476.2,39.98396624472574,0,0,86.38,237,171,69,0.7215189873417721
2017-01-10,0.5864978902953587,139.0,79.61230215827338,11066.11,46.69244725738397,0,0,82.0,237,195,108,0.8227848101265823
2017-01-11,0.5147679324894515,122.0,82.51713114754098,10067.09,42.47717299578059,0,0,84.99,237,153,46,0.6455696202531646
2017-01-12,0.48523206751054854,115.0,81.3568695652174,9356.04,39.47696202531646,0,0,83.8,237,220,111,0.9282700421940928
2017-01-13,0.5189873417721519,123.0,85.66365853658536,10536.63,44.45835443037974,0,0,88.23,237,120,21,0.5063291139240507
2017-01-14,0.45147679324894513,107.0,91.29532710280374,9768.6,41.21772151898735,1,0,94.03,237,87,29,0.3670886075949367
2017-01-15,0.379746835443038,90.0,85.108,7659.72,32.319493670886075,1,0,87.66,237,142,43,0.5991561181434599
2017-01-16,0.45569620253164556,108.0,87.6187962962963,9462.83,39.92755274261604,0,0,90.25,237,229,31,0.9662447257383966
2017-01-17,0.4388185654008439,104.0,88.25596153846155,9178.62,38.72835443037975,0,0,90.9,237,183,30,0.7721518987341772
2017-01-18,0.8185654008438819,194.0,83.6601030927835,16230.06,68.4812658227848,0,0,86.17,237,282,154,1.1898734177215189
2017-01-19,0.6835443037974683,162.0,84.895,13752.99,58.029493670886076,0,0,87.44,237,239,99,1.0084388185654007
2017-01-20,0.7046413502109705,167.0,87.17131736526946,14557.61,61.42451476793249,0,0,89.79,237,289,167,1.219409282700422
2017-01-21,0.6160337552742616,146.0,93.06561643835616,13587.58,57.3315611814346,1,0,95.86,237,108,24,0.45569620253164556
2017-01-22,0.5822784810126582,138.0,88.69036231884058,12239.27,51.6424894514768,1,0,91.35,237,114,22,0.4810126582278481
2017-01-23,0.5147679324894515,122.0,82.15344262295082,10022.72,42.28995780590717,0,0,84.62,237,133,45,0.5611814345991561
2017-01-24,0.5147679324894515,122.0,83.15352459016393,10144.73,42.80476793248945,0,0,85.65,237,257,256,1.0843881856540085
2017-01-25,0.5611814345991561,133.0,87.02421052631578,11574.22,48.83637130801687,0,0,89.63,237,198,46,0.8354430379746836
2017-01-26,0.5527426160337553,131.0,86.34473282442748,11311.16,47.72641350210971,0,0,88.94,237,150,46,0.6329113924050633
2017-01-27,0.5147679324894515,122.0,84.61565573770493,10323.11,43.557426160337556,0,0,87.15,237,276,100,1.1645569620253164
2017-01-28,0.5189873417721519,123.0,84.72707317073171,10421.43,43.97227848101266,1,0,87.27,237,142,33,0.5991561181434599
2017-01-29,0.37130801687763715,88.0,86.07818181818182,7574.88,31.961518987341773,1,0,88.66,237,146,41,0.6160337552742616
2017-01-30,0.3670886075949367,87.0,88.60816091954023,7708.91,32.527046413502106,0,0,91.27,237,135,32,0.569620253164557
2017-01-31,0.4050632911392405,96.0,89.57885416666666,8599.57,36.285105485232066,0,0,92.27,237,218,175,0.919831223628692
2017-02-01,0.4050632911392405,96.0,93.8825,9012.72,38.02835443037974,0,0,96.7,237,118,30,0.4978902953586498
2017-02-02,0.5063291139240507,120.0,91.45516666666667,10974.62,46.306413502109706,0,0,94.2,237,295,220,1.2447257383966244
2017-02-03,0.5611814345991561,133.0,93.18353383458647,12393.41,52.29286919831224,0,0,95.98,237,205,116,0.8649789029535865
2017-02-04,0.6033755274261603,143.0,90.35125874125873,12920.23,54.51573839662447,1,0,93.06,237,110,23,0.4641350210970464
2017-02-05,0.5611814345991561,133.0,86.86766917293232,11553.4,48.74852320675105,1,0,89.47,237,147,35,0.620253164556962
2017-02-06,0.5189873417721519,123.0,83.51853658536587,10272.78,43.34506329113924,0,0,86.02,237,191,119,0.8059071729957806
2017-02-07,0.5864978902953587,139.0,83.04647482014389,11543.46,48.70658227848101,0,0,85.54,237,166,51,0.70042194092827
2017-02-08,0.5780590717299579,137.0,83.84547445255474,11486.83,48.467637130801684,0,0,86.36,237,129,42,0.5443037974683544
2017-02-09,0.6708860759493671,159.0,87.00213836477988,13833.34,58.36852320675106,0,0,89.61,237,197,83,0.8312236286919831
2017-02-10,0.7426160337552743,176.0,90.77517045454546,15976.43,67.4110970464135,0,0,93.5,237,137,79,0.5780590717299579
2017-02-11,0.7341772151898734,174.0,91.50080459770115,15921.14,67.177805907173,1,0,94.25,237,88,21,0.37130801687763715
2017-02-12,0.7341772151898734,174.0,90.42603448275861,15734.13,66.38873417721518,1,0,93.14,237,123,38,0.5189873417721519
2017-02-13,0.869198312236287,206.0,94.02854368932039,19369.88,81.72945147679326,0,0,96.85,237,132,53,0.5569620253164557
2017-02-14,0.9029535864978903,214.0,95.98373831775702,20540.52,86.66886075949367,0,0,98.86,237,157,37,0.6624472573839663
2017-02-15,0.9367088607594937,222.0,92.49630630630631,20534.18,86.64210970464136,0,0,95.27,237,165,88,0.6962025316455697
2017-02-16,0.8818565400843882,209.0,92.98727272727272,19434.34,82.00143459915611,0,0,95.78,237,111,41,0.46835443037974683
2017-02-17,0.8481012658227848,201.0,91.90621890547264,18473.15,77.9457805907173,0,0,94.66,237,108,53,0.45569620253164556
2017-02-18,0.8396624472573839,199.0,92.8351256281407,18474.19,77.9501687763713,1,0,95.62,237,90,25,0.379746835443038
2017-02-19,0.7130801687763713,169.0,93.4240828402367,15788.67,66.61886075949367,1,0,96.23,237,118,36,0.4978902953586498
2017-02-20,0.7890295358649789,187.0,94.16582887700534,17609.01,74.29962025316455,0,0,96.99,237,112,31,0.47257383966244726
2017-02-21,0.8059071729957806,191.0,93.41052356020943,17841.41,75.28021097046414,0,0,96.21,237,135,56,0.569620253164557
2017-02-22,0.9535864978902954,226.0,89.32026548672567,20186.38,85.17459915611815,0,0,92.0,237,125,33,0.5274261603375527
2017-02-23,0.8734177215189873,207.0,88.40690821256038,18300.23,77.21616033755274,0,0,91.06,237,108,51,0.45569620253164556
2017-02-24,0.5864978902953587,139.0,97.59330935251798,13565.47,57.23827004219409,0,0,100.52,237,130,47,0.5485232067510548
2017-02-25,0.7805907172995781,185.0,90.74254054054053,16787.37,70.83278481012658,1,0,93.46,237,79,56,0.3333333333333333
2017-02-26,0.7172995780590717,170.0,93.42723529411764,15882.63,67.0153164556962,1,0,96.23,237,112,26,0.47257383966244726
2017-02-27,0.9071729957805907,215.0,91.91102325581394,19760.87,83.37919831223628,0,0,94.67,237,81,27,0.34177215189873417
2017-02-28,0.8016877637130801,190.0,91.82700000000001,17447.13,73.61658227848102,0,0,94.58,237,83,44,0.350210970464135
2017-03-01,0.7552742616033755,179.0,91.86960893854749,16444.66,69.38675105485233,0,0,94.63,237,83,53,0.350210970464135
2017-03-02,0.8481012658227848,201.0,89.06417910447762,17901.9,75.53544303797469,0,0,91.74,237,107,56,0.45147679324894513
2017-03-03,0.8734177215189873,207.0,90.50806763285023,18735.17,79.05135021097045,0,0,93.22,237,77,31,0.32489451476793246
2017-03-04,0.8016877637130801,190.0,90.25163157894738,17147.81,72.35362869198313,1,0,92.96,237,61,25,0.25738396624472576
2017-03-05,0.7383966244725738,175.0,89.27165714285714,15622.539999999999,65.91789029535865,1,0,91.95,237,83,28,0.350210970464135
2017-03-06,0.9156118143459916,217.0,87.22271889400922,18927.33,79.86215189873418,0,0,89.84,237,102,51,0.43037974683544306
2017-03-07,0.9282700421940928,220.0,87.74536363636363,19303.98,81.45139240506329,0,0,90.38,237,139,55,0.5864978902953587
2017-03-08,0.8059071729957806,191.0,89.65539267015707,17124.18,72.25392405063292,0,0,92.35,237,80,39,0.33755274261603374
2017-03-09,0.7848101265822784,186.0,88.31010752688172,16425.68,69.30666666666667,0,0,90.96,237,71,36,0.29957805907172996
2017-03-10,0.8945147679324894,212.0,90.26018867924529,19135.16,80.7390717299578,0,0,92.97,237,98,38,0.41350210970464135
2017-03-11,0.9409282700421941,223.0,89.36977578475336,19929.46,84.09054852320675,1,0,92.05,237,66,23,0.27848101265822783
2017-03-12,0.8059071729957806,191.0,83.96869109947644,16038.02,67.67097046413502,1,0,86.49,237,106,27,0.4472573839662447
2017-03-13,0.7130801687763713,169.0,93.81609467455621,15854.92,66.89839662447257,0,0,96.63,237,74,34,0.31223628691983124
2017-03-14,0.8776371308016878,208.0,90.49480769230769,18822.92,79.42160337552743,0,0,93.21,237,77,34,0.32489451476793246
2017-03-15,0.9282700421940928,220.0,83.38427272727273,18344.54,77.4031223628692,0,0,85.89,237,62,39,0.2616033755274262
2017-03-16,0.9156118143459916,217.0,85.2489861751152,18499.03,78.05497890295358,0,0,87.81,237,79,38,0.3333333333333333
2017-03-17,0.9282700421940928,220.0,89.57490909090909,19706.48,83.14970464135021,0,0,92.26,237,51,30,0.21518987341772153
2017-03-18,0.9535864978902954,226.0,92.6687168141593,20943.13,88.3676371308017,1,0,95.45,237,33,17,0.13924050632911392
2017-03-19,0.9409282700421941,223.0,91.40914798206279,20384.24,86.00945147679326,1,0,94.15,237,69,30,0.2911392405063291
2017-03-20,0.9240506329113924,219.0,89.34890410958904,19567.41,82.56291139240506,0,0,92.03,237,75,33,0.31645569620253167
2017-03-21,0.9113924050632911,216.0,89.7175,19378.98,81.76784810126583,0,0,92.41,237,92,53,0.3881856540084388
2017-03-22,0.7763713080168776,184.0,89.70266304347827,16505.29,69.64257383966245,0,0,92.39,237,63,33,0.26582278481012656
2017-03-23,0.8354430379746836,198.0,92.89767676767677,18393.74,77.61071729957807,0,0,95.68,237,38,23,0.16033755274261605
2017-03-24,0.9367088607594937,222.0,96.71828828828828,21471.46,90.5968776371308,0,0,99.62,237,59,40,0.2489451476793249
2017-03-25,0.9493670886075949,225.0,98.36426666666667,22131.96,93.38379746835443,1,0,101.32,237,31,37,0.1308016877637131
2017-03-26,0.70042194092827,166.0,95.08548192771084,15784.19,66.59995780590718,1,0,97.94,237,37,22,0.15611814345991562
2017-03-27,0.9029535864978903,214.0,92.67509345794393,19832.47,83.68130801687764,0,0,95.46,237,65,57,0.2742616033755274
2017-03-28,0.9071729957805907,215.0,92.30479069767442,19845.53,83.7364135021097,0,0,95.07,237,67,32,0.28270042194092826
2017-03-29,0.8312236286919831,197.0,93.42137055837563,18404.01,77.65405063291139,0,0,96.22,237,74,28,0.31223628691983124
2017-03-30,0.9156118143459916,217.0,95.21115207373272,20660.82,87.17645569620252,0,0,98.07,237,80,24,0.33755274261603374
2017-03-31,0.8945147679324894,212.0,103.06490566037735,21849.76,92.19308016877636,0,0,106.16,237,89,33,0.3755274261603376
2017-04-01,0.9071729957805907,215.0,106.22702325581396,22838.81,96.36628691983123,1,0,109.41,237,67,31,0.28270042194092826
2017-04-02,0.7974683544303798,189.0,112.17693121693121,21201.44,89.45755274261603,1,0,115.54,237,69,24,0.2911392405063291
2017-04-03,0.9409282700421941,223.0,113.90372197309416,25400.53,107.17523206751055,0,0,117.32,237,79,46,0.3333333333333333
2017-04-04,0.919831223628692,218.0,114.39477064220183,24938.06,105.22388185654009,0,0,117.83,237,66,50,0.27848101265822783
2017-04-05,0.9071729957805907,215.0,116.0199534883721,24944.29,105.25016877637131,0,0,119.5,237,103,61,0.4345991561181435
2017-04-06,0.9367088607594937,222.0,120.25918918918919,26697.54,112.64784810126582,0,0,123.87,237,73,53,0.3080168776371308
2017-04-07,0.9071729957805907,215.0,124.56618604651163,26781.73,113.00308016877636,0,0,128.3,237,73,40,0.3080168776371308
2017-04-08,0.919831223628692,218.0,122.54348623853211,26714.48,112.71932489451477,1,0,126.22,237,46,16,0.1940928270042194
2017-04-09,0.8312236286919831,197.0,123.6820812182741,24365.37,102.80746835443037,1,0,127.39,237,42,19,0.17721518987341772
2017-04-10,0.9240506329113924,219.0,127.20662100456622,27858.25,117.54535864978902,0,0,131.02,237,58,51,0.24472573839662448
2017-04-11,0.919831223628692,218.0,130.1972018348624,28382.99,119.75945147679326,0,0,134.1,237,48,22,0.20253164556962025
2017-04-12,0.8860759493670886,210.0,132.4235238095238,27808.94,117.33729957805906,0,0,136.4,237,28,25,0.11814345991561181
2017-04-13,0.9451476793248945,224.0,131.7477232142857,29511.49,124.52105485232069,0,0,135.7,237,42,25,0.17721518987341772
2017-04-14,0.9409282700421941,223.0,130.00139013452915,28990.31,122.32198312236288,0,0,133.9,237,30,5,0.12658227848101267
2017-04-15,0.8987341772151899,213.0,131.31769953051645,27970.670000000002,118.01970464135022,1,0,135.26,237,38,12,0.16033755274261605
2017-04-16,0.9156118143459916,217.0,130.4289861751152,28303.09,119.42232067510548,1,0,134.34,237,22,15,0.09282700421940929
2017-04-17,0.8776371308016878,208.0,129.08033653846152,26848.71,113.28569620253164,0,0,132.95,237,71,34,0.29957805907172996
2017-04-18,0.8227848101265823,195.0,125.35682051282052,24444.58,103.1416877637131,0,0,129.12,237,56,31,0.23628691983122363
2017-04-19,0.9156118143459916,217.0,124.64345622119816,27047.63,114.12502109704641,0,0,128.38,237,73,19,0.3080168776371308
2017-04-20,0.9409282700421941,223.0,123.95560538116591,27642.1,116.63333333333333,0,0,127.67,237,68,39,0.2869198312236287
2017-04-21,0.919831223628692,218.0,123.30449541284405,26880.38,113.41932489451477,0,0,127.0,237,90,129,0.379746835443038
2017-04-22,0.9282700421940928,220.0,124.26277272727273,27337.81,115.34940928270042,1,0,127.99,237,57,56,0.24050632911392406
2017-04-23,0.7974683544303798,189.0,116.77936507936508,22071.3,93.12784810126583,1,0,120.28,237,65,30,0.2742616033755274
2017-04-24,0.9367088607594937,222.0,115.62563063063062,25668.89,108.30755274261602,0,0,119.09,237,94,38,0.39662447257383965
2017-04-25,0.9156118143459916,217.0,117.80124423963133,25562.87,107.86021097046412,0,0,121.34,237,93,63,0.3924050632911392
2017-04-26,0.9367088607594937,222.0,120.66090090090091,26786.72,113.02413502109705,0,0,124.28,237,105,51,0.4430379746835443
2017-04-27,0.9324894514767933,221.0,122.3623076923077,27042.07,114.1015611814346,0,0,126.03,237,77,30,0.32489451476793246
2017-04-28,0.9451476793248945,224.0,127.67558035714286,28599.33,120.67227848101267,0,0,131.51,237,85,25,0.35864978902953587
2017-04-29,0.9451476793248945,224.0,130.12598214285714,29148.22,122.9882700421941,1,0,134.03,237,61,16,0.25738396624472576
2017-04-30,0.9156118143459916,217.0,131.48995391705068,28533.32,120.39375527426161,1,0,135.43,237,58,28,0.24472573839662448
2017-05-01,0.8523206751054853,202.0,128.34821782178219,25926.34,109.39383966244726,0,0,132.2,237,84,15,0.35443037974683544
2017-05-02,0.8354430379746836,198.0,122.8840404040404,24331.04,102.66261603375528,0,0,126.57,237,86,35,0.3628691983122363
2017-05-03,0.8987341772151899,213.0,123.60183098591548,26327.19,111.08518987341772,0,0,127.31,237,85,59,0.35864978902953587
2017-05-04,0.9113924050632911,216.0,128.25166666666667,27702.36,116.88759493670887,0,0,132.1,237,131,44,0.5527426160337553
2017-05-05,0.9324894514767933,221.0,129.4964705882353,28618.72,120.75409282700423,0,0,133.38,237,88,149,0.37130801687763715
2017-05-06,0.9324894514767933,221.0,128.669185520362,28435.89,119.9826582278481,1,0,132.53,237,55,27,0.2320675105485232
2017-05-07,0.8987341772151899,213.0,123.14450704225352,26229.78,110.67417721518987,1,0,126.84,237,62,24,0.2616033755274262
2017-05-08,0.8312236286919831,197.0,121.77908629441625,23990.48,101.22565400843882,0,0,125.43,237,135,35,0.569620253164557
2017-05-09,0.890295358649789,211.0,124.68018957345971,26307.52,111.00219409282701,0,0,128.42,237,64,45,0.270042194092827
2017-05-10,0.919831223628692,218.0,130.2343119266055,28391.079999999998,119.79358649789029,0,0,134.14,237,71,44,0.29957805907172996
2017-05-11,0.9113924050632911,216.0,133.15217592592592,28760.87,121.35388185654008,0,0,137.15,237,71,33,0.29957805907172996
2017-05-12,0.8818565400843882,209.0,141.44196172248803,29561.37,124.73151898734177,0,0,145.69,237,61,28,0.25738396624472576
2017-05-13,0.8987341772151899,213.0,141.2182629107981,30079.489999999998,126.91767932489451,1,0,145.45,237,50,23,0.2109704641350211
2017-05-14,0.9324894514767933,221.0,134.89239819004524,29811.22,125.78573839662448,1,0,138.94,237,38,28,0.16033755274261605
2017-05-15,0.869198312236287,206.0,132.67276699029125,27330.59,115.31894514767933,0,0,136.65,237,65,25,0.2742616033755274
2017-05-16,0.9367088607594937,222.0,132.70445945945946,29460.39,124.30544303797468,0,0,136.69,237,106,61,0.4472573839662447
2017-05-17,0.9240506329113924,219.0,135.5985388127854,29696.079999999998,125.29991561181434,0,0,139.67,237,72,39,0.3037974683544304
2017-05-18,0.9240506329113924,219.0,138.40351598173515,30310.37,127.89185654008439,0,0,142.56,237,64,27,0.270042194092827
2017-05-19,0.9367088607594937,222.0,139.68472972972972,31010.01,130.8439240506329,0,0,143.88,237,53,33,0.22362869198312235
2017-05-20,0.9451476793248945,224.0,142.90459821428573,32010.63,135.06594936708862,1,0,147.19,237,32,16,0.1350210970464135
2017-05-21,0.9156118143459916,217.0,140.96299539170508,30588.97,129.06738396624473,1,0,145.19,237,39,21,0.16455696202531644
2017-05-22,0.9409282700421941,223.0,138.89286995515695,30973.11,130.68822784810126,0,0,143.06,237,52,41,0.21940928270042195
2017-05-23,0.9324894514767933,221.0,139.70466063348417,30874.73,130.2731223628692,0,0,143.9,237,80,20,0.33755274261603374
2017-05-24,0.9282700421940928,220.0,134.4448181818182,29577.86,124.8010970464135,0,0,138.48,237,61,22,0.25738396624472576
2017-05-25,0.9451476793248945,224.0,132.91125,29772.12,125.62075949367089,0,0,136.9,237,43,16,0.18143459915611815
2017-05-26,0.9367088607594937,222.0,135.4905855855856,30078.91,126.91523206751054,0,0,139.56,237,33,19,0.13924050632911392
2017-05-27,0.9282700421940928,220.0,133.4961818181818,29369.16,123.92050632911392,1,0,137.5,237,34,13,0.14345991561181434
2017-05-28,0.8059071729957806,191.0,127.59146596858639,24369.97,102.8268776371308,1,0,131.42,237,27,37,0.11392405063291139
2017-05-29,0.7679324894514767,182.0,124.60461538461539,22678.04,95.68793248945148,0,0,128.34,237,57,26,0.24050632911392406
2017-05-30,0.759493670886076,180.0,129.90377777777778,23382.68,98.6610970464135,0,0,133.8,237,62,27,0.2616033755274262
2017-05-31,0.8396624472573839,199.0,127.31095477386935,25334.88,106.89822784810127,0,0,131.13,237,52,19,0.21940928270042195
2017-06-01,0.8396624472573839,199.0,130.21969849246233,25913.72,109.34059071729958,0,0,134.13,237,59,7,0.2489451476793249
2017-06-02,0.9324894514767933,221.0,129.87036199095022,28701.35,121.10274261603375,0,0,133.77,237,65,31,0.2742616033755274
2017-06-03,0.9029535864978903,214.0,132.73929906542057,28406.21,119.85742616033755,1,0,136.72,237,28,13,0.11814345991561181
2017-06-04,0.8396624472573839,199.0,131.55371859296483,26179.19,110.46071729957805,1,0,135.5,237,16,8,0.06751054852320675
2017-06-05,0.9113924050632911,216.0,132.8874537037037,28703.69,121.11261603375527,0,0,136.87,237,35,30,0.14767932489451477
2017-06-06,0.9240506329113924,219.0,136.06004566210046,29797.15,125.72637130801688,0,0,140.14,237,50,67,0.2109704641350211
2017-06-07,0.9240506329113924,219.0,136.08447488584474,29802.5,125.74894514767932,0,0,140.17,237,32,24,0.1350210970464135
2017-06-08,0.9156118143459916,217.0,141.55834101382487,30718.16,129.6124894514768,0,0,145.81,237,33,24,0.13924050632911392
2017-06-09,0.9156118143459916,217.0,139.61714285714285,30296.92,127.83510548523206,0,0,143.81,237,23,14,0.0970464135021097
2017-06-10,0.8945147679324894,212.0,137.8214150943396,29218.14,123.2832911392405,1,0,141.96,237,18,10,0.0759493670886076
2017-06-11,0.7932489451476793,188.0,133.68787234042554,25133.32,106.04776371308017,1,0,137.7,237,14,13,0.05907172995780591
2017-06-12,0.8438818565400844,200.0,133.0516,26610.32,112.27983122362869,0,0,137.04,237,31,19,0.1308016877637131
2017-06-13,0.8565400843881856,203.0,128.75817733990147,26137.91,110.28654008438818,0,0,132.62,237,18,16,0.0759493670886076
2017-06-14,0.9113924050632911,216.0,126.57134259259259,27339.41,115.35616033755274,0,0,130.37,237,23,12,0.0970464135021097
2017-06-15,0.9156118143459916,217.0,130.65244239631338,28351.58,119.62691983122363,0,0,134.57,237,15,12,0.06329113924050633
2017-06-16,0.9029535864978903,214.0,126.08785046728971,26982.8,113.85147679324895,0,0,129.87,237,31,15,0.1308016877637131
2017-06-17,0.8945147679324894,212.0,131.3220283018868,27840.27,117.46949367088608,1,0,135.26,237,30,9,0.12658227848101267
2017-06-18,0.810126582278481,192.0,124.75078125,23952.15,101.06392405063292,1,0,128.49,237,26,13,0.10970464135021098
2017-06-19,0.8649789029535865,205.0,127.22297560975609,26080.71,110.04518987341771,0,0,131.04,237,44,8,0.18565400843881857
2017-06-20,0.9240506329113924,219.0,134.14164383561643,29377.02,123.95367088607595,0,0,138.17,237,43,16,0.18143459915611815
2017-06-21,0.9409282700421941,223.0,135.5113004484305,30219.02,127.50641350210971,0,0,139.58,237,42,16,0.17721518987341772
2017-06-22,0.8987341772151899,213.0,132.5375117370892,28230.49,119.11599156118145,0,0,136.51,237,33,21,0.13924050632911392
2017-06-23,0.869198312236287,206.0,126.92907766990291,26147.39,110.32654008438818,0,0,130.74,237,29,21,0.12236286919831224
2017-06-24,0.8649789029535865,205.0,125.81336585365854,25791.74,108.82590717299578,1,0,129.59,237,24,16,0.10126582278481013
2017-06-25,0.890295358649789,211.0,122.55639810426541,25859.4,109.1113924050633,1,0,126.23,237,16,3,0.06751054852320675
2017-06-26,0.9451476793248945,224.0,121.82915178571429,27289.73,115.14654008438818,0,0,125.48,237,60,16,0.25316455696202533
2017-06-27,0.8396624472573839,199.0,120.80834170854271,24040.86,101.43822784810126,0,0,124.43,237,40,31,0.16877637130801687
2017-06-28,0.9071729957805907,215.0,121.74525581395349,26175.23,110.44400843881856,0,0,125.4,237,45,50,0.189873417721519
2017-06-29,0.9029535864978903,214.0,125.60981308411215,26880.5,113.41983122362869,0,0,129.38,237,41,15,0.1729957805907173
2017-06-30,0.8987341772151899,213.0,125.96089201877933,26829.67,113.20535864978902,0,0,129.74,237,27,44,0.11392405063291139
2017-07-01,0.9113924050632911,216.0,123.84027777777777,26749.5,112.86708860759494,1,0,127.56,237,10,2,0.04219409282700422
2017-07-02,0.8481012658227848,201.0,125.83069651741295,25291.97,106.7171729957806,1,0,129.61,237,16,10,0.06751054852320675
2017-07-03,0.8776371308016878,208.0,126.26615384615386,26263.36,110.81586497890295,0,0,130.05,237,39,23,0.16455696202531644
2017-07-04,0.9282700421940928,220.0,122.03145454545454,26846.92,113.27814345991561,0,0,125.69,237,23,62,0.0970464135021097
2017-07-05,0.9451476793248945,224.0,122.77071428571428,27500.64,116.03645569620252,0,0,126.45,237,41,12,0.1729957805907173
2017-07-06,0.9156118143459916,217.0,121.90493087557603,26453.37,111.61759493670885,0,0,125.56,237,34,13,0.14345991561181434
2017-07-07,0.9282700421940928,220.0,120.62222727272727,26536.89,111.97,0,0,124.24,237,25,20,0.10548523206751055
2017-07-08,0.9324894514767933,221.0,119.11434389140271,26324.27,111.07286919831223,1,0,122.69,237,13,4,0.05485232067510549
2017-07-09,0.9240506329113924,219.0,122.08607305936073,26736.85,112.81371308016877,1,0,125.75,237,42,15,0.17721518987341772
2017-07-10,0.9324894514767933,221.0,124.6239366515837,27541.89,116.21050632911393,0,0,128.36,237,49,16,0.20675105485232068
2017-07-11,0.9240506329113924,219.0,124.98529680365296,27371.78,115.49274261603375,0,0,128.73,237,41,18,0.1729957805907173
2017-07-12,0.9493670886075949,225.0,122.58657777777778,27581.98,116.37966244725739,0,0,126.26,237,39,24,0.16455696202531644
2017-07-13,0.9451476793248945,224.0,122.25370535714285,27384.829999999998,115.54780590717299,0,0,125.92,237,39,21,0.16455696202531644
2017-07-14,0.9367088607594937,222.0,122.66585585585585,27231.82,114.902194092827,0,0,126.35,237,25,25,0.10548523206751055
2017-07-15,0.9071729957805907,215.0,121.33111627906976,26086.19,110.06831223628691,1,0,124.97,237,18,10,0.0759493670886076
2017-07-16,0.9156118143459916,217.0,123.4563594470046,26790.03,113.03810126582277,1,0,127.16,237,21,9,0.08860759493670886
2017-07-17,0.9451476793248945,224.0,121.77276785714285,27277.1,115.09324894514768,0,0,125.43,237,34,13,0.14345991561181434
2017-07-18,0.9451476793248945,224.0,120.75,27048.0,114.12658227848101,0,0,124.37,237,27,23,0.11392405063291139
2017-07-19,0.9451476793248945,224.0,120.93611607142857,27089.69,114.30248945147679,0,0,124.56,237,27,14,0.11392405063291139
2017-07-20,0.9451476793248945,224.0,122.8946875,27528.41,116.15362869198312,0,0,126.58,237,24,8,0.10126582278481013
2017-07-21,0.9071729957805907,215.0,125.11679069767442,26900.11,113.50257383966245,0,0,128.87,237,14,6,0.05907172995780591
2017-07-22,0.9282700421940928,220.0,126.24109090909091,27773.04,117.18582278481013,1,0,130.03,237,7,6,0.029535864978902954
2017-07-23,0.9282700421940928,220.0,129.67822727272727,28529.21,120.3764135021097,1,0,133.57,237,6,13,0.02531645569620253
2017-07-24,0.890295358649789,211.0,133.97843601895735,28269.45,119.28037974683545,0,0,138.0,237,32,14,0.1350210970464135
2017-07-25,0.9409282700421941,223.0,135.74582959641256,30271.32,127.72708860759494,0,0,139.82,237,8,8,0.03375527426160337
2017-07-26,0.919831223628692,218.0,133.27243119266055,29053.39,122.58814345991561,0,0,137.27,237,22,8,0.09282700421940929
2017-07-27,0.9409282700421941,223.0,128.5496860986547,28666.579999999998,120.95603375527425,0,0,132.41,237,9,6,0.0379746835443038
2017-07-28,0.9282700421940928,220.0,129.43163636363636,28474.96,120.1475105485232,0,0,133.31,237,13,13,0.05485232067510549
2017-07-29,0.8860759493670886,210.0,130.62295238095237,27430.82,115.74185654008438,1,0,134.54,237,6,15,0.02531645569620253
2017-07-30,0.8059071729957806,191.0,131.02151832460734,25025.11,105.59118143459916,1,0,134.95,237,7,1,0.029535864978902954
2017-07-31,0.9071729957805907,215.0,127.62655813953488,27439.71,115.77936708860759,0,0,131.46,237,16,8,0.06751054852320675
2017-08-01,0.8860759493670886,210.0,132.41714285714286,27807.6,117.33164556962025,0,0,136.39,237,30,11,0.12658227848101267
2017-08-02,0.9409282700421941,223.0,138.2713452914798,30834.51,130.10341772151898,0,0,142.42,237,27,9,0.11392405063291139
2017-08-03,0.9324894514767933,221.0,134.46678733031675,29717.16,125.38886075949367,0,0,138.5,237,29,9,0.12236286919831224
2017-08-04,0.9409282700421941,223.0,135.41730941704037,30198.06,127.41797468354432,0,0,139.48,237,15,22,0.06329113924050633
2017-08-05,0.8945147679324894,212.0,135.50367924528302,28726.78,121.21004219409282,1,0,139.57,237,11,15,0.046413502109704644
2017-08-06,0.9113924050632911,216.0,134.2565277777778,28999.41,122.36037974683545,1,0,138.28,237,15,6,0.06329113924050633
2017-08-07,0.9409282700421941,223.0,139.05520179372198,31009.31,130.84097046413504,0,0,143.23,237,28,10,0.11814345991561181
2017-08-08,0.9493670886075949,225.0,138.31404444444445,31120.66,131.3108016877637,0,0,142.46,237,18,4,0.0759493670886076
2017-08-09,0.9367088607594937,222.0,139.61824324324326,30995.25,130.78164556962025,0,0,143.81,237,14,7,0.05907172995780591
2017-08-10,0.9367088607594937,222.0,140.49747747747747,31190.44,131.60523206751054,0,0,144.71,237,25,26,0.10548523206751055
2017-08-11,0.9367088607594937,222.0,143.12927927927927,31774.7,134.0704641350211,0,0,147.42,237,20,3,0.08438818565400844
2017-08-12,0.9493670886075949,225.0,142.9660888888889,32167.37,135.72729957805907,1,0,147.26,237,10,4,0.04219409282700422
2017-08-13,0.8776371308016878,208.0,138.6106730769231,28831.02,121.64987341772152,1,0,142.77,237,11,1,0.046413502109704644
2017-08-14,0.9409282700421941,223.0,141.29125560538117,31507.95,132.94493670886075,0,0,145.53,237,9,2,0.0379746835443038
2017-08-15,0.919831223628692,218.0,143.7875229357798,31345.68,132.26025316455696,0,0,148.1,237,7,4,0.029535864978902954
2017-08-16,0.9282700421940928,220.0,139.81768181818182,30759.89,129.78856540084388,0,0,144.01,237,19,11,0.08016877637130802
2017-08-17,0.9324894514767933,221.0,136.91972850678732,30259.26,127.67620253164556,0,0,141.03,237,20,10,0.08438818565400844
2017-08-18,0.9367088607594937,222.0,136.17522522522523,30230.9,127.55654008438819,0,0,140.26,237,13,4,0.05485232067510549
2017-08-19,0.9156118143459916,217.0,134.5325806451613,29193.57,123.17962025316456,1,0,138.57,237,8,5,0.03375527426160337
2017-08-20,0.9282700421940928,220.0,130.38636363636363,28685.0,121.03375527426161,1,0,134.3,237,6,3,0.02531645569620253
2017-08-21,0.9367088607594937,222.0,128.35036036036036,28493.78,120.22691983122363,0,0,132.2,237,9,3,0.0379746835443038
2017-08-22,0.9367088607594937,222.0,127.41900900900902,28287.02,119.35451476793249,0,0,131.24,237,19,2,0.08016877637130802
2017-08-23,0.9409282700421941,223.0,130.33062780269057,29063.73,122.63177215189873,0,0,134.24,237,11,1,0.046413502109704644
2017-08-24,0.9367088607594937,222.0,133.11306306306307,29551.1,124.68818565400844,0,0,137.11,237,9,5,0.0379746835443038
2017-08-25,0.9324894514767933,221.0,135.981221719457,30051.85,126.80105485232068,0,0,140.06,237,2,0,0.008438818565400843
2017-08-26,0.9409282700421941,223.0,132.1309865470852,29465.21,124.3257805907173,1,0,136.09,237,9,2,0.0379746835443038
2017-08-27,0.8143459915611815,193.0,130.39108808290155,25165.48,106.1834599156118,1,0,134.3,237,8,2,0.03375527426160337
2017-08-28,0.8987341772151899,213.0,125.80361502347417,26796.17,113.06400843881856,0,0,129.58,237,8,3,0.03375527426160337
2017-08-29,0.8945147679324894,212.0,125.82867924528303,26675.68,112.555611814346,0,0,129.6,237,7,1,0.029535864978902954
2017-08-30,0.8523206751054853,202.0,120.76445544554454,24394.42,102.93004219409282,0,0,124.39,237,2,0,0.008438818565400843
2017-08-31,0.9409282700421941,223.0,122.32461883408071,27278.39,115.09869198312236,0,0,125.99,237,0,0,0.0
2017-09-01,,,,,,0,0,104.33,237,0,0,0.0
2017-09-02,,,,,,1,0,105.49,237,0,0,0.0
2017-09-03,,,,,,1,0,103.71,237,0,0,0.0
2017-09-04,,,,,,0,0,103.65,237,0,0,0.0
2017-09-05,,,,,,0,0,103.14,237,0,0,0.0
2017-09-06,,,,,,0,0,103.03,237,0,0,0.0
2017-09-07,,,,,,0,0,103.94,237,0,0,0.0
2017-09-08,,,,,,0,0,104.33,237,0,0,0.0
2017-09-09,,,,,,1,0,105.49,237,0,0,0.0
2017-09-10,,,,,,1,0,103.71,237,0,0,0.0
2017-09-11,,,,,,0,0,103.65,237,0,0,0.0
2017-09-12,,,,,,0,0,103.14,237,0,0,0.0
2017-09-13,,,,,,0,0,103.03,237,0,0,0.0
2017-09-14,,,,,,0,0,103.94,237,0,0,0.0
2017-09-15,,,,,,0,0,104.33,237,0,0,0.0
2017-09-16,,,,,,1,0,105.49,237,0,0,0.0
2017-09-17,,,,,,1,0,103.71,237,0,0,0.0
2017-09-18,,,,,,0,0,103.65,237,0,0,0.0
2017-09-19,,,,,,0,0,103.14,237,0,0,0.0
2017-09-20,,,,,,0,0,103.03,237,0,0,0.0
2017-09-21,,,,,,0,0,103.94,237,0,0,0.0
2017-09-22,,,,,,0,0,104.33,237,0,0,0.0
2017-09-23,,,,,,1,0,105.49,237,0,0,0.0
2017-09-24,,,,,,1,0,103.71,237,0,0,0.0
2017-09-25,,,,,,0,0,103.65,237,0,0,0.0
2017-09-26,,,,,,0,0,103.14,237,0,0,0.0
2017-09-27,,,,,,0,0,103.03,237,0,0,0.0
2017-09-28,,,,,,0,0,103.94,237,0,0,0.0
2017-09-29,,,,,,0,0,104.33,237,0,0,0.0
2017-09-30,,,,,,1,0,105.49,237,0,0,0.0
