Date,Gross_OTB,Stayover_OTB,Adjusted_OTB,Expected_Cancellations,OTB_ADR,Future_Arrival_OTB,Previous_Gross_OTB,Previous_Adjusted_OTB,Live_OTB,Net_Pickup_7d,OTB_Occupancy,Adjusted_OTB_Occupancy,Capacity,As_Of_Date,Historical_Gross_OTB,Historical_Adjusted_OTB,Historical_Previous_Gross_OTB,Pace_Confidence,Historical_Net_Pickup_7d,Gross_Pace_Index,Retained_Pace_Index,Pickup_Trend_Index,Pricing_Pace_Index,Historical_Avg_OTB,Booking_Velocity
2017-09-01,249,122,237.0,0.0,130.53,115,211,199.68,237,38,1.0,1.0,237,2017-08-31,237,235.49,231,high,6,1.05,1.01,1.5,1.16,237,1.05
2017-09-02,236,88,232.26,3.74,136.31,148,199,187.48,236,37,0.9957805907172996,0.98,237,2017-08-31,228,224.77,219,high,9,1.03,1.03,1.5,1.17,228,1.03
2017-09-03,241,37,235.46,1.54,131.4,200,192,178.68,237,49,1.0,0.9935,237,2017-08-31,228,223.77,225,high,3,1.05,1.05,1.5,1.18,228,1.05
2017-09-04,234,10,224.69,9.31,136.34,224,177,163.19,234,57,0.9873417721518988,0.9481,237,2017-08-31,213,206.89,210,high,3,1.09,1.08,1.5,1.21,213,1.09
2017-09-05,235,7,224.65,10.35,143.23,228,180,166.56,235,55,0.9915611814345991,0.9479,237,2017-08-31,212,202.4,215,high,-3,1.1,1.1,1.5,1.22,212,1.1
2017-09-06,246,4,234.33,2.67,144.85,233,190,175.84,237,56,1.0,0.9887,237,2017-08-31,220,208.79,224,high,-4,1.11,1.12,1.5,1.23,220,1.11
2017-09-07,202,0,192.48,9.52,141.02,202,155,143.86,202,47,0.8523206751054853,0.8122,237,2017-08-31,224,211.54,226,high,-2,0.91,0.91,1.5,1.09,224,0.91
2017-09-08,162,0,151.82,10.18,140.32,162,131,116.96,162,31,0.6835443037974683,0.6406,237,2017-08-31,223,208.33,223,high,0,0.74,0.74,1.5,0.97,223,0.74
2017-09-09,202,0,186.89,15.11,136.73,202,163,141.48,202,39,0.8523206751054853,0.7886,237,2017-08-31,231,214.4,237,high,-6,0.88,0.88,1.5,1.07,231,0.88
2017-09-10,186,0,171.81,14.19,141.5,186,151,131.08,186,35,0.7848101265822784,0.7249,237,2017-08-31,241,222.36,244,high,-3,0.78,0.78,1.5,1.0,241,0.78
2017-09-11,240,0,222.75,14.25,132.88,237,203,176.72,237,37,1.0,0.9399,237,2017-08-31,218,198.98,204,high,14,1.1,1.11,1.5,1.23,218,1.1
2017-09-12,262,0,237.0,0.0,129.84,237,230,200.07,237,32,1.0,1.0,237,2017-08-31,180,162.35,160,high,20,1.43,1.43,1.5,1.25,180,1.43
2017-09-13,238,0,220.52,16.48,135.76,237,210,183.17,237,28,1.0,0.9305,237,2017-08-31,205,187.72,205,high,0,1.15,1.17,1.5,1.25,205,1.15
2017-09-14,257,0,237.0,0.0,135.15,237,224,194.56,237,33,1.0,1.0,237,2017-08-31,220,201.95,221,high,-1,1.16,1.17,1.5,1.25,220,1.16
2017-09-15,193,0,172.77,20.23,135.03,193,167,145.66,193,26,0.8143459915611815,0.729,237,2017-08-31,240,214.87,235,high,5,0.81,0.81,1.5,1.02,240,0.81
2017-09-16,205,0,181.87,23.13,141.27,205,178,156.08,205,27,0.8649789029535865,0.7674,237,2017-08-31,267,236.41,262,high,5,0.78,0.78,1.5,1.0,267,0.78
2017-09-17,244,0,212.72,24.28,133.26,237,205,179.05,237,39,1.0,0.8976,237,2017-08-31,217,189.58,212,high,5,1.12,1.12,1.5,1.23,217,1.12
2017-09-18,202,0,176.25,25.75,135.25,202,165,144.57,202,37,0.8523206751054853,0.7437,237,2017-08-31,188,159.13,181,high,7,1.07,1.1,1.5,1.21,188,1.07
2017-09-19,187,0,164.47,22.53,130.95,187,160,141.11,187,27,0.7890295358649789,0.694,237,2017-08-31,186,156.47,175,high,11,1.01,1.05,1.5,1.18,186,1.01
2017-09-20,177,0,155.27,21.73,137.48,177,157,137.89,177,20,0.7468354430379747,0.6551,237,2017-08-31,174,143.55,159,high,15,1.02,1.08,1.33,1.14,174,1.02
2017-09-21,163,0,142.78,20.22,136.31,163,149,130.72,163,14,0.6877637130801688,0.6024,237,2017-08-31,214,185.6,207,high,7,0.77,0.78,1.5,0.99,214,0.77
2017-09-22,219,0,192.54,26.46,136.46,219,196,172.58,219,23,0.9240506329113924,0.8124,237,2017-08-31,187,164.7,193,high,-6,1.16,1.16,1.5,1.25,187,1.16
2017-09-23,184,0,162.08,21.92,135.11,184,159,140.27,184,25,0.7763713080168776,0.6839,237,2017-08-31,209,185.68,215,high,-6,0.89,0.88,1.5,1.07,209,0.89
2017-09-24,194,0,171.42,22.58,141.64,194,164,145.78,194,30,0.8185654008438819,0.7233,237,2017-08-31,199,176.23,203,high,-4,0.98,0.97,1.5,1.13,199,0.98
2017-09-25,178,0,158.25,19.75,141.41,178,157,140.24,178,21,0.7510548523206751,0.6677,237,2017-08-31,146,126.82,127,high,19,1.21,1.23,1.11,1.19,146,1.21
2017-09-26,200,0,177.6,22.4,138.29,200,178,159.4,200,22,0.8438818565400844,0.7494,237,2017-08-31,159,138.94,160,high,-1,1.24,1.26,1.5,1.25,159,1.24
2017-09-27,223,0,199.89,23.11,140.16,223,200,179.64,223,23,0.9409282700421941,0.8434,237,2017-08-31,166,143.15,165,high,1,1.32,1.37,1.5,1.25,166,1.32
2017-09-28,238,0,213.87,23.13,133.54,237,213,191.83,237,25,1.0,0.9024,237,2017-08-31,189,165.46,192,high,-3,1.25,1.28,1.5,1.25,189,1.25
2017-09-29,247,0,222.17,14.83,137.35,237,220,197.73,237,27,1.0,0.9374,237,2017-08-31,170,149.36,155,high,15,1.43,1.46,1.5,1.25,170,1.43
2017-09-30,224,0,202.01,21.99,138.5,224,200,179.89,224,24,0.9451476793248945,0.8524,237,2017-08-31,228,200.19,225,high,3,0.98,1.01,1.5,1.15,228,0.98
